ASIN,Title,Description,Price,List_price,Image_URL
B07KPZZTGS,"Power Bank 25000mAh Huge Capacity BCM Portable Charger Battery Pack Backup Battery Power Pack Dual Inputs 3 Output Ports with Intelligent LCD Compatible Smartphone, Tablet and More",BCM 25000mAh Power BankHuge Capacity,$33.99,,
B01K702S66,"Anker PowerCore Fusion, Portable Charger 5000mAh with Dual USB Wall Charger, Foldable Plug and PowerIQ, Battery Pack for iPhone, iPad, Android, Samsung Galaxy and More",5000,$25.97,,https://images-na.ssl-images-amazon.com/images/I/51LVZM3MZBL._SL1000_.jpg
B079RC1MNV,"Anker PowerCore Lite 10000mAh, USB-C Input (Only), High Capacity Portable Charger, Slim and Light External Battery for iPhone, Samsung Galaxy, and More",The Light and Compact 10000mAh Portable Charger,$33.99,,https://images-na.ssl-images-amazon.com/images/I/61d65EWnxZL._SL1500_.jpg
B00Z9QVE4Q,"Anker PowerCore 13000, Compact 13000mAh 2-Port Ultra-Portable Phone Charger Power Bank with PowerIQ and VoltageBoost Technology for iPhone, iPad, Samsung Galaxy (Black)",,,$36.99,https://images-na.ssl-images-amazon.com/images/I/61Xr%2B5pcOBL._SL1500_.jpg
B01MSESWO6,LG V20 Battery BL-44E1F Genuine Battery V20 Stylo 3 H910 H918 V995 LS997,Genuine OEM Battery LG BL-44E1F 3200mAh for LG V20 Stylo 3 H910 H918 V995 LS997,$12.47,,https://images-na.ssl-images-amazon.com/images/I/513rmfN94sL._SL1300_.jpg
B00KG45W08,"[Upgraded] Poweradd Slim 2 Most Compact 5000mAh External Battery 2.1A Ouput Portable Charger with Smart Charge for iPhones, iPad, Samsung Galaxy, HTC and More - Blue",,$12.99,,https://images-na.ssl-images-amazon.com/images/I/61uEqZLL-4L._SL1200_.jpg
B072KJRJ45,"Galaxy Note 4 Battery RAVPower 3220mAh Li-ion Replacement Battery for Samsung Note 4 N910, N910U 4G LTE, N910V(Verizon), N910T(T-Mobile), N910A(AT&T), N910P(Sprint), NFC Wallet Capable","Any question, please email RAVPower support for help.",$13.99,,https://images-na.ssl-images-amazon.com/images/I/51aX%2BLX4fSL._SL1000_.jpg
B0742NFNN9,"Dual USB Portable Charger - 12,000mAh External Battery Pack - Ultra Slim and Light with Built-in AC Plug and Micro USB Cable - Charges iPhone, Android and More - Pocket Juice by Tzumi",With,$20.99,,https://images-na.ssl-images-amazon.com/images/I/61eXAKakmEL._SL1500_.jpg
B06XS9RMWS,"Anker [Upgraded to 6700mAh] Astro E1 Candy-Bar Sized Ultra Compact Portable Charger, External Battery Power Bank, with High-Speed Charging PowerIQ Technology",Charge your phone on the go.,$23.99,,https://images-na.ssl-images-amazon.com/images/I/51ZNGqPlA0L._SL1200_.jpg
B00VWV8LD4,"Aibocn Power Bank 10,000mAh External Battery Charger with Flashlight for Phone iPad Samsung Galaxy Smartphones Tablet - Upgraded",,$11.99,,https://images-na.ssl-images-amazon.com/images/I/61BII%2BKoNUL._SL1200_.jpg
B01A6L85CC,"Portable Charger Jackery Bolt 6000 mAh - Power bank with built in Lightning Cable [Apple MFi certified] iPhone Battery Charger External Battery Pack, TWICE as FAST as Original iPhone Charger",,$29.99,,https://images-na.ssl-images-amazon.com/images/I/51w3zK98wTL._SL1250_.jpg
B07HK2JB2Q,"Battery Case for iPhone X/XS, 4000mAh Portable Protective Charging Case Extended Rechargeable Battery Pack Charger Case Compatible with iPhone X/XS / 10 (5.8 inch) (Black)",,$39.95,,https://images-na.ssl-images-amazon.com/images/I/61jib88CkBL._SL1500_.jpg
B00IN9HI2I,"Samsung 2800mAh OEM Battery for Galaxy S5, Black/Silver (Discontinued by Manufacturer)","1 Piece - OEM Original Samsung Battery for the Samsung Galaxy S5. Reliable battery power for your Galaxy S5 The Galaxy S5 Battery (2800 mAh) is a high-quality Lithium-Ion battery that has been designed specifically to deliver the most reliable and long-lasting power for your Samsung Galaxy S5. Additional power when you need it. Our Lithium-Ion Battery, exclusively for Samsung Smartphones, offers longer battery life, is reliable and safe, having gone through an exhausting testing and certification process. For long travels or extended use, have the peace of mind of an extra Samsung battery on hand when you need it.",$9.63,,https://images-na.ssl-images-amazon.com/images/I/51Hbe16-MRL._SL1024_.jpg
B01G1XH46M,"Portable Charger RAVPower 22000mAh External Battery Pack 22000 Power Banks 5.8A Output 3-Port (2.4A Input, iSmart 2.0 USB Ports, Li-polymer Phone Charger) For Smartphone Tablet – Black",,$41.99,,https://images-na.ssl-images-amazon.com/images/I/51k-8SdMX9L._SL1000_.jpg
B00MQSMEEE,"External Battery Pack RAVPower 16750mAh Portable Charger, Time-Tested Phone Charger with Dual 2.0 USB Ports & Flashlight, 4.5A Max Output Cell Phone Battery Power Pack for iPhone & Android Devices",,$33.99,,https://images-na.ssl-images-amazon.com/images/I/5187G1XrfkL._SL1000_.jpg
B01JIWQPMW,"Anker PowerCore 26800 Portable Charger, 26800mAh External Battery with Dual Input Port and Double-Speed Recharging, 3 USB Ports for iPhone, iPad, Samsung Galaxy, Android and Other Smart Devices",26800,,$65.99,https://images-na.ssl-images-amazon.com/images/I/61vj2BPDpuL._SL1500_.jpg
B01CU1EC6Y,"Anker PowerCore 5000, Ultra-Compact 5000mAh External Battery with High-Speed Charging Technology, Power Bank for iPhone, iPad, Samsung Galaxy and More",The Ultra-Compact Portable Charger,$21.99,,https://images-na.ssl-images-amazon.com/images/I/616ZChk8IvL._SL1500_.jpg
B00X5RV14Y,"Anker PowerCore 20100 - Ultra High Capacity Power Bank with 4.8A Output, PowerIQ Technology for iPhone, iPad and Samsung Galaxy and More (Black)","High-speed-charging, long-lasting, portable power.",$49.99,,https://images-na.ssl-images-amazon.com/images/I/61shKFqUzSL._SL1500_.jpg
B0194WDVHI,"Anker PowerCore 10000 Portable Charger, One of The Smallest and Lightest 10000mAh External Battery, Ultra-Compact High-Speed-Charging-Technology Power Bank for iPhone, Samsung Galaxy and More (Black)",PowerCore 10000,$31.99,,https://images-na.ssl-images-amazon.com/images/I/51npXeK2FNL._SL1500_.jpg
B01MZ61PRW,"Anker PowerCore+ 26800 PD with 30W Power Delivery Charger, Portable Charger Bundle for MacBook Air / iPad Pro 2018, iPhone XS Max / X / 8, Nexus 5X / 6P, and USB Type-C Laptops with Power Delivery",,$129.99,,https://images-na.ssl-images-amazon.com/images/I/61lTwA-yxbL._SL1500_.jpg
B005X1Y7I2,"Anker PowerCore+ Mini, 3350mAh Lipstick-Sized Portable Charger (Premium Aluminum Power Bank), One of The Most Compact External Batteries, Compatible with iPhone Xs/XR, Android Smartphones and More","Anker PowerCore+ mini The often copied but never equalled lipstick-shaped portable charger is now better than ever. From Anker, America's Leading Charging Brand Faster and safer charging with our leading technology 30 million+ happy users and counting Same Size, Better Performance The original lipstick tube design. Now upgraded with premium quality battery cells to ensure superior performance and safety. PowerIQ Intelligent high-speed charging for all your devices. Convenient LED Indicator Light lets you know how much juice is left. MultiProtect Safety System Surge protection, short circuit protection and premium LG battery cells keep you and your devices safe. World Famous Warranty At Anker, we believe in our products. That's why we back them all with an 18-month warranty and provide friendly, easy-to-reach support. Notes: Use the included Micro-USB cable, your original cable or a third-party certified one (such as MFi); AC adapter not included. Please use your original Apple charging cable (not included) to charge Apple products. Compatible with most USB-charged devices, including iPhone 8 / X / XS / XS Max / XR (Lightning cable required), Android smartphones and tablets (including the Nexus 7). Not compatible with the iPod nano, iPod Classic; Not for devices with an input below 50mA (e. g. some Bluetooth headsets and GPS devices). To enable USB-A output, press the button below the output before connecting your device. The rated capacity (minimum output) is 2010mAh. What's in the Box 1 Anker PowerCore+ mini portable charger 1 Micro USB cable 1 travel pouch 1 welcome guide",$19.99,,https://images-na.ssl-images-amazon.com/images/I/51awY5QATdL._SL1000_.jpg
B078MTB4JV,New OEM Samsung EB-BG530CBU EB-BG530CBZ BATTERY Galaxy Grand Prime SM-G530,,$7.90,,
B06XRVHDLM,ZMI PowerPack 10K Smallest Lightest 10000mAh Battery Pack Fast Charging Portable Charger Pocket Power Bank for iPhone iPad Samsung (Nexus Pixel 2/XL Require Special Cord) Phone Cords Sold Separately,,$21.99,,https://images-na.ssl-images-amazon.com/images/I/71fXAkgX3aL._SL1401_.jpg
B07LBB49XL,Lumina 5200 mAh Ultra Compact Portable Charger External Battery Power Bank with High-Speed Charging Technology,"Sophisticated Design: strong and durable polycarbonate shell for a compact drop resistant body Fastest Charge, Every Time: intelligent microprocessors detect the ideal voltage and amperage to deliver to your device for the quickest charge High powered 5,200 mAH capacity with one USB output: 5V 2A offers backup power for your devices while out of the house Lifetime Warranty: contact us any time by checking Your Orders and clicking Contact Seller",$16.99,,
B07CZDXDG8,INIU Portable Charger 10000mAh Power Bank High-Speed 2 USB Ports with Flashlight External Battery Backup Ultra Compact Slim Powerbank Compatible with iPhone X 8 7 6s 6 Plus 5s 5 Samsung Cell Phone,,$19.99,,https://images-na.ssl-images-amazon.com/images/I/6154K%2BQyY6L._SL1500_.jpg
B00P7N0320,Anker Astro E1 5200mAh Candy bar-Sized Ultra Compact Portable Charger (External Battery Power Bank) with High-Speed Charging PowerIQ Technology (Black),Charge your phone on the go.,$19.99,,https://images-na.ssl-images-amazon.com/images/I/51d9d8sNarL._SL1200_.jpg
B00KR9FT4Q,"RAVPower 2800mAh Galaxy S4 Li-ion Replacement Battery with NFC Function for Samsung I337, Verizon I545, Sprint L720, T-Mobile M919, R970, I9500, I9505 (Not for Galaxy S4 Active or S4 Mini)","Upgrade the Battery, Upgrade Your Life! What makes this battery unique?",$13.99,,https://images-na.ssl-images-amazon.com/images/I/510XbI0GjvL._SL1000_.jpg
B015WXEGMW,"Genuine OEM Samsung BATTERY EB-BG530BBE for J3, J5, Grand prime non Retail Packaging",,$9.22,,https://images-na.ssl-images-amazon.com/images/I/71AtK6EBVuL._SL1500_.jpg
B07GJ25MGQ,"Wireless Portable Charger, Hokonui 10000mAh 10W Fast Qi Wireless Power Bank with 18W Power Delivery, Type-C, QC 3.0 Ports and LED Displaly External Battery Pack for iPhone, iPad, Samsung and More","HOKONUI Wireless Portable Charger is made of high quality material, simple, elegant and compatible with any Qi standard mobile phones and devices. Provide you a comfortable, secure and fast charging experience.",$33.99,,https://images-na.ssl-images-amazon.com/images/I/51piyTl26tL._SL1000_.jpg
B07DDF8CNK,"Anker PowerCore 10000 Redux, Ultra-Small Power Bank, 10000mAh Portable Charger for iPhone, Samsung Galaxy, and More",PowerCore 10000 Redux,$33.99,,https://images-na.ssl-images-amazon.com/images/I/61LN69va5IL._SL1500_.jpg
B07HVRGZX6,"Battery Case for iPhone 7/8, 4000mAh Portable Protective Charging Case Compatible with iPhone 7/8 (4.7 inch) Rechargeable Extended Battery Charger Case (Black)",,$35.95,,https://images-na.ssl-images-amazon.com/images/I/612%2BTYtQzwL._SL1500_.jpg
B07F1DYK72,"Galaxy S5 Battery Acevan 2950mAh Li-ion Battery Replacement for Samsung Galaxy S5, Verizon G900V, Sprint G900P, T-Mobile G900T, AT&T G900A, G900F, G900H, G900R4, I9600 [3 Year Warranty]","Acevan replacement batteries are made of best quality grade A+ cell in battery market, build-in special microchip to prevent against short-circuiting, over-charging, over-discharging and over-heating, greatly extended the li-ion battery life.",$15.99,,https://images-na.ssl-images-amazon.com/images/I/6134cvtdupL._SL1001_.jpg
B075LBHQVZ,"Portable Charger RAVPower 20000mAh USB External Battery Pack Dual iSmart 2.0 USB Ports, 3.4A Max Output, 2A Input Power Bank iPhone, iPad, Galaxy Android Devices",Travel safely and with plenty of power when using the,$37.99,,https://images-na.ssl-images-amazon.com/images/I/51SrrufD%2BUL._SL1000_.jpg
B01LA941IG,"POWERADD Pilot 4GS 12000mAh 8-Pin Input Portable Charger External Battery Pack with 3A High-Speed Output Compatible with iPhone, iPad, iPod, Samsung and More - Rose Gold (MFi 8-Pin Cable Include)",,$26.99,,https://images-na.ssl-images-amazon.com/images/I/71NZRMSg4zL._SL1280_.jpg
B077JD63PN,"AUKEY USB-C Power Bank, 20000mAh Portable Charger with Quick Charge 3.0, Battery Pack Compatible Nintendo Switch, iPhone, Samsung and More",,$47.99,,https://images-na.ssl-images-amazon.com/images/I/71w02GJfgcL._SL1500_.jpg
B07GVB15PJ,"Portable Charger Power Bank, Hokonui 20000mAh External Battery Packs Quick Charge 3.0 with 3 Inputs & 3 Outputs Compatible Samsung Galaxy S9 Plus/S9/S8 Plus/S8, Tablet, and More",,,$39.99,https://images-na.ssl-images-amazon.com/images/I/61xfFpqeGJL._SL1000_.jpg
B07K2MGGJV,"Battery Case for iPhone XR, 5000mAh Portable Charging Case Protective Extended Battery Charger Case Compatible with iPhone XR (Black)",Extended Rechargeable Portable Battery Case is designed to charge and protect your iPhone XR (6.1 inch ONLY),$39.98,,https://images-na.ssl-images-amazon.com/images/I/61uCgHAhsvL._SL1500_.jpg
B01LRQDAEI,"USB C Power Bank RAVPower 26800mAh PD Portable Charger (Fast Recharged in 4.5 Hours, 30W Type C Output) external battery pack for Nintendo Switch, USB-C Laptops, 2016 MacBook Power Delivery Support",,$79.99,,https://images-na.ssl-images-amazon.com/images/I/51G-0uCxPjL._SL1000_.jpg
B01LQ81QR0,"Anker PowerCore II 20000, 20100mAh Portable Charger with Dual USB Ports, PowerIQ 2.0 (up to 18W Output) Power Bank, Fast Charging for iPhone, Samsung and More (Compatible with Quick Charge Devices)",The Ultra-High Capacity Portable Charger with Upgraded Compatibility,$59.99,,https://images-na.ssl-images-amazon.com/images/I/61oTbNkaVyL._SL1500_.jpg
B06XZ6KSG3,"Portable Charger 32000 RAVPower 32000mAh Battery Pack 6A Output, USB Power Banks for iPhone Xs, iPhone X, Galaxy and More (3-Port, 2.4A Input, Triple iSmart 2.0 USB)","When heading out for a journey, nobody wants to be disappointed by the lack of power. Made just for you, the RAVPower 32000mAh power pack can keep you pumped up with battery for at least 10 days.",,,https://images-na.ssl-images-amazon.com/images/I/510PWKPklJL._SL1000_.jpg
B01N0X3NL5,"Anker PowerCore Speed 20000, 20000mAh Qualcomm Quick Charge 3.0 & PowerIQ Portable Charger, with Quick Charge Recharging, Power Bank for Samsung, iPhone, iPad and More",,$49.99,,https://images-na.ssl-images-amazon.com/images/I/61XD9Ey%2BZvL._SL1500_.jpg
B01N98UZRP,mophie juice pack wireless - Charge Force Wireless Power - Wireless Charging Protective Battery Pack Case for iPhone 7 Plus – Black,,$49.99,$99.95,https://images-na.ssl-images-amazon.com/images/I/71fHn38T6kL._SL1500_.jpg
B00BW0X892,Samsung Galaxy S4 Replacement Battery (2600mAh) without Warranty (Discontinued by Manufacturer),SAMSUNG uses the latest Lithium Ion battery technology giving you the best performance possible. Lithium Ion batteries are designed specifically for your SAMSUNG mobile phone to deliver the most reliable and long lasting power,$10.40,,
B07DN5NP13,"2225 mAh Battery Replacement Compatible for iPhone 6s, NOHON High Capacity Li-ion Battery with Complete Repair Tool Kit and Instructions - Included 24 Months Warranty",,$25.99,,https://images-na.ssl-images-amazon.com/images/I/61TIO7K%2BctL._SL1001_.jpg
B07HRM9YWX,"Power Bank, 22400mAh Portable Phone Charger Musfun External Battery with LCD Screen, 2.1A Input Port, and 2 Charging Ports for Smart Phone, Tablets and Other Devices, Black",,$32.99,,https://images-na.ssl-images-amazon.com/images/I/71iOUT04tpL._SL1500_.jpg
B01KQEDEGG,GETIHU Phone Charger 10000mAh Portable Power Bank Ultra Slim LED Flashlight Mobile External Battery Backup Thin 2 USB Ports Powerbank for iPhone X 8 7 6 Plus Android Cell Phone iPad (Black),3 Charges for iPhone7:,$14.99,,https://images-na.ssl-images-amazon.com/images/I/51DXNb-fldL._SL1000_.jpg
,Duracell DL1/3N CR1/3N 3V Lithium Battery 3 Pack,Replacement Biomedical Battery for Mentor Corp Tono-Pen XL Tonometer. This Lithium battery has a nominal voltage of 3.0V and a rated capacity of 0.16Ah.,$11.25,,https://images-na.ssl-images-amazon.com/images/I/81iSW1Yzk1L._SL1500_.jpg
B07GFFGB2G,"[Upgraded] Portable Charger, BONAI Stripe Power Bank 10,000mAh External Battery Pack and Flashlight Compatible with iPhone X 8 7 7+ Plus 6s 8 Galaxy S8 S7 Note 8 and Other Phone & Tablet (Black)",,$11.49,,https://images-na.ssl-images-amazon.com/images/I/6183bmRHKTL._SL1200_.jpg
B072MH1434,"Anker PowerCore II 10000, Ultra-Compact 10000mAh Portable Charger, Upgraded PowerIQ 2.0 (up to 18W Output), Fast Charge for iPhone, Samsung Galaxy and More (Compatible with Quick Charge Devices)",The Compact High-Capacity Portable Charger with Upgraded Compatibility,$35.99,,https://images-na.ssl-images-amazon.com/images/I/61zzKBsxqHL._SL1500_.jpg
B07G26S5V8,"Omars Battery Pack Power Bank 10000mAh USB C Battery Bank Slimline Portable Charger with Dual USB Output Compatible with iPhone Xs/XR/XS Max/X, iPad, Galaxy S9 / Note 9, Huawei Mate 20 Pro",,$15.99,,https://images-na.ssl-images-amazon.com/images/I/61tcah9Qe%2BL._SL1000_.jpg
B00DD6LCQY,Samsung Original Genuine OEM Samsung Galaxy S3 2100 mAh Spare Replacement Li-Ion Battery with NFC Technology for All Carriers - Non-Retail Packaging - Silver,"Samsung Galaxy S III Standard Battery (2100mA). Samsung uses the latest Lithium Ion battery technology giving you the best performance possible. This Lithium Ion battery is designed specifically for your Samsung Galaxy S3 mobile phone to deliver the most reliable and long lasting power (2100 mAh). The Galaxy S III 2100 mAh battery is also NFC-enabled, letting your phone communicate with other devices and accessories equipped with NFC technology. OEM Part Numbers: EB-L1G6LL/EB-L1G6LLA/EB-L1G6LLZBXAR/EB-L1G6LLU/EB-L1G6LLUCSTD. This Battery is compatible with the following Samsung cell phone models: Samsung Galaxy S III SCH i535 - Samsung Galaxy S III SCH R530 - Samsung Galaxy S III SGH i747 - Samsung Galaxy S III SGH T999 - Samsung Galaxy S III SPH L710.",$8.99,,
B072KJQMP4,Galaxy S5 Battery RAVPower 2800mAh Replacement Battery for Samsung Galaxy S5 SM-G900F SM-G900H SM-G900A(AT&T) SM-G900TR SM-G900P(Sprint) SM-G900T(T-Mobile) SM-G900R(U.S. Cellular) Without NFC,,$13.99,,https://images-na.ssl-images-amazon.com/images/I/51bFUd5RIyL._SL1000_.jpg
B07HSP9SLW,"Battery Case for iPhone 8 Plus/ 7 Plus 8500mAh, Upgraded HETP Protective Rechargeable Extended Battery Pack for iPhone 7Plus Charging Case for Apple iPhone 8Plus Portable Power Bank (5.5 inch) - Black",1. Compatible with iPhone 7plus/8plus (Not works on others ),$34.95,,https://images-na.ssl-images-amazon.com/images/I/61aedEdbixL._SL1500_.jpg
B0157RHV8O,"[Upgraded] POWERADD Pilot X7 20000mAh Power Bank Dual USB Port External Battery Pack LED Flashlight Portable Charger Compatible For iPhone XS Max, 8, 7 Plus, iPad Pro, Mini, Galaxy S9 More - Black+Red",,$26.99,$49.99,https://images-na.ssl-images-amazon.com/images/I/713HKrH%2BjuL._SL1200_.jpg
B014ZO46LK,"Anker PowerCore+ 20100 USB-C, Ultra-High Capacity Premium Portable Charger, 20100mAh External Battery, 6A Output Type-C Port for USB-C MacBooks, Nexus 6P/5X & PowerIQ for iPhone, iPad, Samsung & More",The Premium Portable Charger,$69.99,,https://images-na.ssl-images-amazon.com/images/I/51GgCzt9vGL._SL1000_.jpg
B07BHL5DWL,"Aslanka Battery for iPhone 6s,New 0 Cycle of 2200 mAh Replacement Battery, Full Set of Repair Tools Include Adhesive & Instruction and Screen Protector -[2 Year Warranty]",,$24.99,,https://images-na.ssl-images-amazon.com/images/I/618DM5D72xL._SL1200_.jpg
B07L1CP5QM,"iPhone 6 6s 7 8 Battery Case, Rechargeable Extended Battery Charger Case for iPhone 6 6s 7 8 (4.7 inch) 4000mAh Portable Protective Charging Case (Black)",In order to improve the performance and battery life for your iPhone 6/6s/7/8 (4.7 inches ONLY). We designed External Protective Portable Charger Battery Case.,$36.59,,https://images-na.ssl-images-amazon.com/images/I/71XCOUPGsXL._SL1500_.jpg
,Apple Smart Battery Case (for iPhone 6s) - Charcoal Gray,,$86.67,$99.00,https://images-na.ssl-images-amazon.com/images/I/7116AOdXC5L._SL1500_.jpg
B07JYKP712,"Wireless Charger Power Bank,KAPPET 20000mAh External Battery Charger Pack Portable Charger Battery Pack Portable Charger for iPhone Xs,iPhone XR,iPhone X,iPhone 8, Galaxy S8 S9 S7 Note 8/9","KAPPET 20000mAh Wireless Charger Power Bank ▶You can Charge Up to 3 Devices Simultaneously : 2*Wired charging + 1*Wireless charging. ▶No need to take more cable on your trip save your limited Space. ▶Beautiful and Simple,an excellent novel and unique gifts. ▶Perfect battery pack for everyday use,travel,camping or hiking, emergencies, commuters and families. KUPPET Devices compatibility: (no receiver required) Samsung Galaxy Note 8 S8/S8 Plus S7/S6 / S6 Edge/Note 5 iPhone X/8/8 Plus Nokia Lumia 920/ 928 HTC 8X, HTC Droid DNA,HTC Rzound,HTC Incredible 4G LTE Moto Droid Turbo,Moto Droid Maxx, Droid Mini Google Nexus 6 /4 /5/ 7(2013) LG D1L, LG LTE2, LG G2 (Verizon) Blackberry Z30 (Verizon) KUPPET Wireless Receiver Add-on Compatibility Samsung Galaxy S5/S4/S3,Note2/Note3/Note4 IPhone 7/IPhone 7 Plus /iPhone 6 Plus,iPhone 6 and other iPhones Tips: The switch must be turned on before using wireless charger power bank What you will get ▶KUPPET wireless charger power bank ▶Micro USBCharging Cable X1 ▶User Manual X1",$39.95,,
B012NIQG5E,"Power Bank RAVPower 26800 Portable Charger 26800mAh Total 5.5A Output 3-Ports External Battery Packs (2.4A Input, iSmart 2.0 USB Power Pack) Portable Phone Charger iPhone, iPad Other Smart Devices",,$56.99,,https://images-na.ssl-images-amazon.com/images/I/515IMrxMWfL._SL1000_.jpg
B07D2FS5CM,"AC Outlet Portable Charger Battery Pack - 20000mAh 100W/110V(Max.) Travel Power Bank with Built in AC Outlet and 2 USB Ports for MacBook, MacBook Pro, Laptops, Smartphones, 2-Year Warranty",,$82.99,,https://images-na.ssl-images-amazon.com/images/I/71FtGGEuhPL._SL1500_.jpg
B01AASN2U6,OEM Lg Mobile Bl-45b1f Standard Battery 3000mah for Lg V10 Non Retail Package,LG BL-45B1F OEM Replacement Battery for LG V10 H900 Stylo2 H901 VS990 LS775,$8.40,,https://images-na.ssl-images-amazon.com/images/I/51CqS662RXL._SL1001_.jpg
B0176HQ1O8,"AUKEY 20000mAh Power Bank, Portable Charger with 2 Inputs, 3.4A Dual-USB Output Battery Pack Compatible iPhone Xs/XS Max / 8 / Plus, iPad Pro and More",,$33.99,,https://images-na.ssl-images-amazon.com/images/I/71UWqCvGp9L._SL1500_.jpg
B07D3ZH8R6,"Aduro 20,000mAh Battery Pack Power Bank, External Battery Charger Compatible with iPhone Android Smartphone Tablet Portable Power Backup Charges Any USB Device (Black)",,$29.99,,https://images-na.ssl-images-amazon.com/images/I/71oCGvOKCEL._SL1500_.jpg
B07BS5VZS5,Uowlbear Replacement iPhone 6 Battery for iPhone 6 A1586 A1589 A1549 with Tools Kit -1810mAh 3 Year Warranty,,$13.99,,https://images-na.ssl-images-amazon.com/images/I/71-%2BzqWJcLL._SL1500_.jpg
B07KJLDH9Z,"iPhone XS MAX Battery Case, 4000mAh Portable Protective Charging Case Extended Rechargeable Battery Pack for iPhone XS MAX (6.5 inch) Charger Case/Black",,$39.85,,https://images-na.ssl-images-amazon.com/images/I/611jsD8iqCL._SL1500_.jpg
B076DXWPHS,"AC Outlet Portable Laptop Charger (TSA-Approved), Jackery PowerBar 77Wh/20800mAh 85W (100W Max.) Travel Laptop Power Bank & External Battery Pack for HP, Notebooks, MacBook and Other Laptops",,$129.99,,https://images-na.ssl-images-amazon.com/images/I/61C382N8zpL._SL1500_.jpg
B00D1HLUP8,Samsung Original Genuine OEM Spare 2600 mAh Replacement Battery for Samsung Galaxy S4 - Non-Retail Packaging - Silver (Discontinued by Manufacturer),For Samsung Galaxy S4 - Non-Retail Packaging - Silver,$8.99,,
B07BS6NJ4S,"IBESTWIN 3.8V 1440mAh Replacement Battery for iPhone 5 with Replacement Tool Kits, Adhesive Strip and Instruction - 2 Years Warranty (Not for 5S or 5C)",,$16.99,,https://images-na.ssl-images-amazon.com/images/I/61ik44wzNKL._SL1000_.jpg
B075V1SGPJ,"Galaxy S6 Battery IBESTWIN 2750mAh 3.85V Li-Polymer Internal Replacement Battery EB-BG920ABE for Samsung Galaxy S6 G920A at&T, G920V Version, G920T T-Mobile, G920P Sprint with Remove Tool Kit",,$18.99,,https://images-na.ssl-images-amazon.com/images/I/610A39A60aL._SL1097_.jpg
B00U1DD3LO,Samsung Galaxy S5 Li-ion Replacement Battery 2PK OEM Spare 2800mAh w/NFC Genuine (Bulk Packaging),"Features: - Voltage:3.7-4.2V,Capacity:2800 mAh,Compatible with the original battery cover door. - STRONG BATTERY : Quality high capacity battery cell,Grade AAA cells ensure longer battery life (500+ cycles) and high-speed,efficient charging. - SAFE BATTERY : Anti-over charge protection,Anti-over discharge protection,Protection against short circuit,Anti-explosion protection. - SMART BATTERY : Power control chip,Dual Protection IC. - Battery Type:High capacity Li-ion Battery.Tested under strict quality control standards. CE and ROHS certified.Compatible Models:Samsung Galaxy S5 SM-G900F / Samsung Galaxy S5 SM-G900T / Samsung Galaxy S5 SM-G900P / Samsung Galaxy S5 SM-G900A / Samsung Galaxy S5 SM-G900AZ / Samsung Galaxy S5 SM-G900T1 / Samsung Galaxy S5 SM-G900R6 / Samsung Galaxy S5 SM-G900V / Samsung Galaxy S5 Active SM-G870A Package includes:2 pcs High Capacity Samsung Galaxy S5 Battery EB-BG900BBC EB-BG900BBE EB-BG900BBU For Samsung Galaxy S5 SM-G900F / Samsung Galaxy S5 SM-G900T / Samsung Galaxy S5 SM-G900P / Samsung Galaxy S5 SM-G900A / Samsung Galaxy S5 SM-G900AZ / Samsung Galaxy S5 SM-G900T1 / Samsung Galaxy S5 SM-G900R6 / Samsung Galaxy S5 SM-G900V / Samsung Galaxy S5 Active SM-G870A 2800 mAh",$21.95,,https://images-na.ssl-images-amazon.com/images/I/71WD-pD1LyL._SL1500_.jpg
B072155XVX,"Anker PowerCore 13000 C (USB-C Input only), Compact 13000mAh 2-Port Ultra Portable Phone Charger, Power Bank with PowerIQ and VoltageBoost Technology, for iPhone, Samsung Galaxy and More",,$39.99,,https://images-na.ssl-images-amazon.com/images/I/51mkTksjoXL._SL1200_.jpg
B071Y3358B,"Aibocn Mini Power Bank 8000mAh Slim Portable External Charger with Fast Charging Technology for iPhone Samsung Galaxy Tablets and More, Black",,$12.99,,https://images-na.ssl-images-amazon.com/images/I/61ummILiTFL._SL1200_.jpg
B01JHI2SOQ,"Galaxy S7 Battery Case, Alpatronix BX420 4500mAh Slim External Protective Rechargeable Portable Charging Case Charger Cover for Samsung Galaxy S7 Juice Bank Power Pack [Android OS 8.0+ (Oreo)] - Black",,$39.95,,https://images-na.ssl-images-amazon.com/images/I/81MLKYjdXyL._SL1500_.jpg
B01HFNMG10,Samsung Galaxy Note 4 Standard Battery 3220mAh - Black/Silver (Bulk Packaging),"Original Samsung Replacement Battery for Galaxy Note 4 with SD Reader Card USB in Bulk Packaging.NFC enabled allowing your handset to communicate with other NFC enabled devices.Works with Samsung Galaxy Note 4, N910, N910U 4G LTE, N910V(Verizon), N910T(T-Mobile), N910A(AT&T), N910P(Sprint).",$9.34,,
B073FJ9X2J,26800mAh Power Bank Portable Charger USB Type C Battery Pack with 3 Input & 4 iSmart Output for MacBook Nintendo Switch iPhone iPad Nexus Samsung Huawei (Black),,,$59.99,https://images-na.ssl-images-amazon.com/images/I/51uDxq1xfnL._SL1000_.jpg
B07H93R69P,"Battery Case for iPhone x/xs, Xooparc 5200mAh Protective Portable Charging Case Rechargeable Extended Battery Pack for Apple iPhone X & XS (5.8') Backup Power Bank Cover -Black",,$28.95,,https://images-na.ssl-images-amazon.com/images/I/71MfOIH9P3L._SL1500_.jpg
B07KC8HVKG,"Battery Case for iPhone X/XS, 4000mAh Ultra Slim Protective Charging Case Rechargeable Extended Battery Pack for 5.8 inch iPhone X/XS (Black)","Built-in 4000mAh lithium battery, provide more than 100% battery life additionally.",$36.95,,https://images-na.ssl-images-amazon.com/images/I/71g%2BLxCK3wL._SL1500_.jpg
B00MFVNLXK,Mogix External Battery Phone Charger 10400mAh Power Pack - Best Bank For Fast Charging 2 USB Ports (Black),,$27.95,,https://images-na.ssl-images-amazon.com/images/I/61ygEwMJKRL._SL1362_.jpg
B07211V9XG,"Anker PowerCore II 6700, Compact Portable Charger for iPhone X / 8/8 Plus, Samsung, and Other Smartphones",,$25.99,,https://images-na.ssl-images-amazon.com/images/I/61LF-KJm4QL._SL1500_.jpg
B07BWBMZDL,"Ainope 10000mAh Portable Charger,(Smallest) (LCD Display) (Powerful) External Battery Pack/Battery Charger/Phone Backup Power Bank with Dual USB Output(3.1A),Perfect Carry for Travel-Black",,$25.99,,https://images-na.ssl-images-amazon.com/images/I/61tOOS7OBrL._SL1200_.jpg
B0089VO7OM,"Samsung Galaxy S3 Replacement Battery (2100 mAh) for AT&T, Sprint & T-Mobile Models (Discontinued by Manufacturer)",Samsung uses the latest lithium ion battery technology giving you the best performance possible. Lithium ion batteries are designed specifically for your Samsung mobile phone to deliver the most reliable and long lasting power,$8.07,,https://images-na.ssl-images-amazon.com/images/I/61y42%2BexmcL._SL1300_.jpg
B077TQ7BL9,"Portable Charger, BONAI 12000mAh Thinnest Aluminum Power Bank (Travel) (Powerful) USB C High Speed 3.0A Input/Output Compatible with iPhone iPad Samsung Android Tablet Mint (Charging Cable Included)",,$25.99,,https://images-na.ssl-images-amazon.com/images/I/61vXYAThTGL._SL1500_.jpg
B00IFU0W78,Samsung B500BE B500BU Battery Galaxy S4 Mini Original OEM - Non Retail PackagingNot for Standard Galaxy S4 - Only S4 Mini Model,Samsung original battery for New Galaxy S4 Mini,$9.75,,https://images-na.ssl-images-amazon.com/images/I/81zCFreCF7L._SL1500_.jpg
B077CZ8412,"Quick Charge 3.0 RAVPower 10000mAh Portable Charger with QC 3.0 Input & Output, Ultra-Slim 10000 Power Bank with High-Density Li-Polymer Battery Pack for iPhone, iPad, Galaxy and More",,$29.99,,https://images-na.ssl-images-amazon.com/images/I/41-grwcVGsL._SL1000_.jpg
B07K88GKT6,"Battery Case for iPhone 8 Plus / 7 Plus, Upgraded Gixvdcu [8500mAh] Portable Protective Charging Case for iPhone 8Plus & 7Plus Extended Backup Charger - Black",,$32.50,,https://images-na.ssl-images-amazon.com/images/I/61h6wEGLIgL._SL1500_.jpg
B01JCIJBDC,"mophie powerstation External Battery for Universal Smartphones and Tablets (6,000mAh) - Space Grey","morphine PowerStation External Battery for Universal Smartphones and Tablets (6,000mAh) - Space Grey",$39.99,$49.95,https://images-na.ssl-images-amazon.com/images/I/61EQ-OQcCkL._SL1500_.jpg
B06XS3MT5N,"iPhone 7 Plus Case, iPhone 8 Plus Case, Wellerly LED Illuminated Selfie Light Cell Phone Case Cover [Rechargeable] Light Up Luminous Selfie Flashlight Case for iPhone 7 / 8 Plus 5.5inch (Rose Gold)",,$9.99,,https://images-na.ssl-images-amazon.com/images/I/71fMA0ehL9L._SL1000_.jpg
B01J7S4PEC,"SOLICE® 20000mAh Dual USB Output Portable Charger External Cell Phone Battery Pack Power Bank with LED Light for iPhone, iPad & Samsung Galaxy & More (Gray)",,$22.98,,https://images-na.ssl-images-amazon.com/images/I/513FVOYf6CL._SL1000_.jpg
B07C7Q1KH9,"Omars Power Bank, Portable Charger 10000 mAh with USB C PD Power Delivery QC Quick Charge 3.0 USB Type-C 18W Output Compatible with iPhone Xs/XR/XS Max/X / 8/8 Plus, iPad, Galaxy S9 / Note 9(Blue)",,$19.99,,https://images-na.ssl-images-amazon.com/images/I/51N0iNrjhyL._SL1000_.jpg
B07GJMSMW5,"Solar Charger, 20000mAh Solar Power Bank Portable Chargers for Cell Phone External Battery Charger with Dual 2 USB Port/LED Light Backup Battery Pack for Backpacking Camping Solar Charging",,$26.99,,https://images-na.ssl-images-amazon.com/images/I/716Bfw5GZoL._SL1500_.jpg
B01MAWKEGM,Hermitshell EVA Hard Protective Travel Case Carrying Bag Fits Anker PowerCore+ 26800 Premium Portable High Capacity External Battery with Quick Charge PowerPort Wall Charger,Fits Anker PowerCore+ 26800 Premium Portable High Capacity External Battery with Quick Charge PowerPort Wall Charger EVA Hard Protective Travel Case Carrying Bag By Hermitshell,$13.99,,https://images-na.ssl-images-amazon.com/images/I/61t6Fh6p6-L._SL1000_.jpg
B07GH1YR4H,"Power Bank Portable Charger- 24000mAh High Capacity with Digital Display LCD Screen, 3 USB Output & Dual Input, External Battery Pack Compatible with All the Phone",,$28.99,$199.00,https://images-na.ssl-images-amazon.com/images/I/61uvAhMcu7L._SL1000_.jpg
B07K758B1C,Galaxy Note 5 Battery [Upgraded] 3200mAh Internal Li-ion Polymer Replacement Battery for Samsung Galaxy Note 5 SM-N920 N920T N920A N920P N920V EB-BN920ABE + Free Screwdriver Tool[24 Month Warranty],100% New High Quality 3200mAh Replacement Battery for Galaxy Note 5 Phone,$13.80,,https://images-na.ssl-images-amazon.com/images/I/61teO02JpXL._SL1001_.jpg
B0731JW6FV,10000mAh Power Bank External Battery Portable Charger Pack with Built-in Type C and Micro USB Cable for iPhone Xs/XS Max/X 8 Samsung Huawei Android Cell Phones (Black),,,$35.99,https://images-na.ssl-images-amazon.com/images/I/71l2Yuf6xfL._SL1500_.jpg
B077TR6W6Y,"Carvesky High Capacity 2200 mAh Li-ion Battery for ip 6s Replacement with Complete Repair Tools Kits, Instruction and Screen Protector with 24 Month Warranty [Only for ip6s]",,$20.98,,https://images-na.ssl-images-amazon.com/images/I/71sp4X6psEL._SL1500_.jpg
B0757FKF9M,GETIHU Portable Charger 13000mAh Power Bank 2 USB Ports 4.8A Output High-Speed Charging External Battery Backup with Flashlight for iPhone Xs X 8 7 6s 6 Plus 5s iPad Tablet Samsung Mobile Phone Pack,"In order to reach the best performance, use a 5V/2A AC adapter and original cable of the devices to charge.",$19.99,,https://images-na.ssl-images-amazon.com/images/I/61vt0LQLhOL._SL1500_.jpg
B075DG587K,"20,000mAh HIgh Speed Digital Power Bank Fast Charger Portable Ultra High Capacity 3.4A 2-Port USB +Led Flashlight External Battery Backup, for All Cell/Smart Phone Tablet Laptop iPhone Galaxy & More",,$19.99,,
B0768V15DH,Yoobao Portable Charger 12000mAh Ultra Slim Power Bank Q12 Qualcomm Quick Charge 3.0 External Battery Pack Fast Charge Powerbank Compatible Samsung S8/S8+ iPhone X/8/8+ HUAWEI Google LG and More-Black,,$23.99,,https://images-na.ssl-images-amazon.com/images/I/6112GA4tV3L._SL1000_.jpg
B01KL1AIDG,"iPhone 8 Plus / 7 Plus Battery Case, Trianium Atomic Pro 4200mAh Extended 8 Plus Battery Portable Charger for iPhone 7 Plus,8Plus (5.5”)[Black] Power Juice Charging Case Pack [Apple Certified Part]",,,,https://images-na.ssl-images-amazon.com/images/I/61z75TFWKKL._SL1000_.jpg
B01N66PHDQ,"(Upgraded) Galaxy S7 Battery Case, Trianium Atomic Pro Charging Battery Pack for Samsung S7-4500mAh Extended Battery Fast Charger [Quick Charge Pass Thru] Protective Case Power Pack Juice Bank","The Trianium Atomic Pro Galaxy S7 battery case brings you a whole new level of power and protection for the Samsung Galaxy S7 2016. Made specifically to enhance your S7, it provides 100% additional rechargeable battery pack juice replacement power booster and is built with an ultra-durable design to protect against bumps, scrapes and scratches.",,,https://images-na.ssl-images-amazon.com/images/I/611EjE6Qb1L._SL1000_.jpg
B07H98W3V7,"USB C Power Bank PD 10400mAh Portable Charger, Slim 10000 Phone Charger Power Delivery & Quick Charge 3.0 Battery Pack Compatible with Google Pixel 2, iPhone, iPad (Standard)","PD (Power Delivery) and QC 3.0 tech, offering best charging recharging experience. 3.5 hours recharging time by PD/QC 3.0 adapter. Within 45 mins, charge compatible devices up to 80%, 4 times faster than standard portable chargers.( Non–Quick Charge devices also charge at its max-speed allowed) LED power display show charger’s power from 0-100%, magnetic cables solved problem of urgent needs for charging cable anyplace. Compatible with Type-C iPad Pro, iPhone 8/8 plus/X, Pixel devices, Nexus Samsung and most other phones, tablets etc. Size is 145*68*13mm, similar with iPhone 7, weigh 6.8oz, very slim light. 10400mAh capacity, charge iPhone X 2.5 times, iPhone 8 Plus 2.7 times, iPhone 8 3.5 times, iPad Mini 1.2 times, Samsung Galaxy S8 2.5 times, Nintendo Switch 1.5 times, Google Pixel 2.7 times etc. Intelligent power manage IC will protect your devices against overcharging, short-circuiting, voltage instabilities, over discharging. Support 3 types input ports, you can use any one of those cables to get your power bank recharging ready on. Notes: We highly recommend you use the Original Cable/Power Adapter to charge your device or recharge the power bank for optimum efficiency. Specifications： Model:W1040P Dimensions: 5.7x2.6x0.5in Weight:0.42lb Capacity:10400mAh Rated Energy:38.48Wh 3 x Input Ports: Micro USB Input(QC3.0): 5V/2A, 9V/2A, 12V/1.5A Type-C Input(PD/QC3.0): 5V/2A, 9V/2A, 12V/1.5A Another Input: 5V/1.5A Recharging time: 3.5h by PD/QC3.0 power adapter; 5.5h by 5V/2A power adapter; 8h by 5V/1.5A power adapter USB Output(QC3.0): 5-6V/3A, 6-9V/2A, 9-12V/1.5A Type-C Output(PD/QC3.0): 5-6V/3A, 6-9V/2A, 9-12V/1.5A Package： 1 x Charmast power bank 2 x magnetic cables(no type C cable included) 1 x pouch 1 x manual",$25.99,,https://images-na.ssl-images-amazon.com/images/I/51SGCWuyHJL._SL1000_.jpg
B07195QFZ5,Motorola Battery Case for Moto Z - Black,MOTO BATTERY MOD (BLACK),$49.99,,https://images-na.ssl-images-amazon.com/images/I/71fXJ23JuQL._SL1500_.jpg
B07JMTSPC3,"Mobile Powerbank 9000mAh Ultra Slim Quick Charge Portable Phone Charger Power Bank External Battery Charger with LCD Display Built in Cables for Android, iPhone, iPad, Samsung Galaxy and More",,$29.99,,https://images-na.ssl-images-amazon.com/images/I/61U4%2BMchKrL._SL1500_.jpg
B015S551MI,LG 3000mAh Standard Battery BL-51YF for LG G4 (Bulk Packaging),LG 3000mAh Standard Battery BL-51YF for LG G4,$7.49,,https://images-na.ssl-images-amazon.com/images/I/61XK3yyxFvL._SL1500_.jpg
B076QG3FBD,"New 3300 mAh BELTRON Replacement Battery for Samsung J7 (2017), J7 Perx, J7 Sky Pro, J710, J727 - EB-BJ710","Guaranteed to Work with Samsung Galaxy J7 J710 (2017) / J727 for AT&T, Boost Mobile, MetroPCS, Sprint, T-Mobile, Virgin Mobile. This battery is only compatible with the newer (2017) version of the Galaxy J7 J710/J727. Will not work with the older J700.",$11.95,,https://images-na.ssl-images-amazon.com/images/I/81mAyA9HrUL._SL1500_.jpg
B07H89D68F,"iPhone Xs Max Battery Case with Qi Wireless Charging Compatible, Alpatronix BXX Max 6.5-inch 5000mAh Portable Protective Rechargeable Extended Charger for iPhone Xs Max Juice Bank Power Case - Black",,$49.95,,https://images-na.ssl-images-amazon.com/images/I/81ZJkNU3A5L._SL1500_.jpg
B00UVORXZA,"New 2800 mAh BELTRON Replacement Battery for Samsung Galaxy S5, S5 Active (G870/G900/I9600) - EB-BG900","This Lithium Ion battery is designed specifically for your Samsung Galaxy S 5 mobile phone to deliver the most reliable and long lasting power (2800 mAh). New in BELTRON packaging, with 1 Year BELTRON warranty (when purchased from an Authorized BELTRON Dealer). Be protected and buy only ORIGINAL BELTRON products, look for the BELTRON hologram on battery to ensure authenticity and warranty.",$11.50,,https://images-na.ssl-images-amazon.com/images/I/81LPnplnBFL._SL1500_.jpg
B07G9TLJGQ,"Hobest Solar Charger 10000mAh,Water-Resistant Outdoor Solar Power Bank with LED Flashlight,Dual USB Portable Charger Solar for Smartphones,GoPro Camera,GPS and Emergency Travel (Orange)",,$22.88,,https://images-na.ssl-images-amazon.com/images/I/61gPDXUvibL._SL1000_.jpg
B07LG44NXP,"Qi Wireless Charging Case Replacement for Apple AirPods, NeotrixQI AirPod Protective Charger Case Cover with Built-in Power Battery, 5 Times Full Charge, White",,$36.99,,https://images-na.ssl-images-amazon.com/images/I/51MyM0TiSrL._SL1001_.jpg
B07C197L2X,"LG V20 Battery | iPosible 3300mAh Li-Ion Replacement Battery for LG V20 BL-44E1F H918 (T-Mobile),H910 (AT&T),VS995 (Verizon),US996 (U.S. Cellular),LS997 (Sprint)| V20 Spare Battery [24 Month Warranty]","3300mAh Battery for LG V20, NOT compatible with either NFC or Google Wallet.",$13.95,,https://images-na.ssl-images-amazon.com/images/I/71x2SWMJtOL._SL1500_.jpg
B0785KYHH1,"Portable Charger Makeup Mirror Compact 3.6inch Power Bank 3000mAh as Gift for Friends,Girls,Mom etc with 1x/3x Magnified Vanity Mirror (Pink)",,$23.99,,https://images-na.ssl-images-amazon.com/images/I/61bfCqqBeIL._SL1000_.jpg
B0796LK6GY,XHDATA BL-5C 3.7V 1500Mah Rechargeable Battery for Radio（2 Pieces,XHDATA BL-5C Rechargeable Battery,$8.98,,https://images-na.ssl-images-amazon.com/images/I/61yfHi2W1BL._SL1000_.jpg
B00V6QMO60,Novatel Jetpack MiFi 6620L Battery Mobile Hotspot P/N: 40115131.01,Original OEM Standard battery for Novatel 6620L,$10.95,,https://images-na.ssl-images-amazon.com/images/I/61SK49khHNL._SL1168_.jpg
B07F3RT5B1,"Galaxy S5 Active Battery,MAXBEAR [3300mAh] Replacement Li-Ion Battery for Samsung Galaxy S5 Active SM-G870 (AT&T) & Galaxy S5 Sport SM-G860 (Sprint)| S5 Spare Battery [12 Month Warranty]",- This MAXBEAR spare battery for the Galaxy S5 Active is designed to deliver up to 400 hours of charge.,$15.98,,https://images-na.ssl-images-amazon.com/images/I/617wMqY6WSL._SL1001_.jpg
B0089VO7OM,"Samsung Galaxy S3 Replacement Battery (2100 mAh) for AT&T, Sprint & T-Mobile Models (Discontinued by Manufacturer)",Samsung uses the latest lithium ion battery technology giving you the best performance possible. Lithium ion batteries are designed specifically for your Samsung mobile phone to deliver the most reliable and long lasting power,$8.07,,https://images-na.ssl-images-amazon.com/images/I/61y42%2BexmcL._SL1300_.jpg
B07B9WQTFN,"LG G5 Battery, iPosible 3200mAh Replacement Li-ion Battery for LG G5 BL-42D1F US992 VS987 H820 H830 LS992 G 5 H845 Dual H850 H858 | G5 Spare Battery [24 Month Warranty]",,$13.95,,https://images-na.ssl-images-amazon.com/images/I/71WMVRP0%2BYL._SL1500_.jpg
B01M9AYN19,Hermitshell Hard EVA Travel Case Fits RAVPower 26800mAh External Battery Pack Power Bank,Hermitshell Hard EVA Travel Case Fits RAVPower 26800mAh External Battery Pack Power Bank,$13.99,,https://images-na.ssl-images-amazon.com/images/I/61CHutTbKQL._SL1000_.jpg
B076HKXXTG,OEM Motorola GK40 Battery for Moto G4 Play XT1607 GK40 3.8V,Original OEM Motorola 3.8V Battery GK40 (2800mAh) for Moto G4 Play XT1607 XT1609,$8.39,,
B01LYCSZZ8,For Anker PowerCore 13000 13000mAh 10400 Portable Charger 2-Port Ultra Battery Power Bank Hard Case by Khanka,Khanka Hard Case for Anker PowerCore 13000mAh/10400mAh Ultra-Portable Phone Charger Power Bank,$7.99,,https://images-na.ssl-images-amazon.com/images/I/717Eur4F4WL._SL1200_.jpg
B07JV7XXRX,"Battery Case for iPhone 5/5S/SE,FNSON 4000mAh Portable Charger Case Upgraded Version Extended Battery Pack Protective Backup Charging Case for iPhone 5/5S/SE Power Bank - Black","This battery case is just fit for iPhone 5/5S/SE, Not fit for iPhone 5C.",$19.80,,https://images-na.ssl-images-amazon.com/images/I/51cVGKYp6fL._SL1050_.jpg
B00NC2M6Y6,New 3100 mAh Replacement Battery for Samsung Galaxy Note 2 II (I317 I605 L900 R950 T889) - EB595675LA - BELTRON,This Lithium Ion battery is designed specifically for your Samsung Galaxy Note 2 mobile phone to deliver the most reliable and long lasting power (3100 mAh).,$11.95,,https://images-na.ssl-images-amazon.com/images/I/71MabZWp6yL._SL1456_.jpg
B07DYLZKSF,Power Bank Portable Charger 24000mAh Huge Capacity with 2 Output Ultra-Compact Battery Pack Compatible with Samsung Android and More,,$30.09,,https://images-na.ssl-images-amazon.com/images/I/51uK2H%2BDNIL._SL1000_.jpg
B01LMW77C8,EasyAcc 10000mAh Power Bank Brilliant External Battery Pack (3.1A Smart Output) Classic Portable Charger for iPhone Samsung Smartphones Tablets - Black and Orange,,$19.99,,https://images-na.ssl-images-amazon.com/images/I/51FjTQAbHKL._SL1000_.jpg
B07DN742XL,"Besiter 20000 Portable Charger Quick Charge 3.0 High Capacity Dual Input and Dual USB Output Power Bank 20000mah LCD Display 12, 9, 5v External Battery Pack (Black)",,$33.99,,https://images-na.ssl-images-amazon.com/images/I/61jhTlPvDnL._SL1000_.jpg
B01FF1SVYU,"PowerBear Note 3 Battery (3200 mAh) Li-Ion Battery for The Samsung Galaxy Note 3 [N9000, N9005 LTE, AT&T N900A, Verizon N900V, Sprint N900P, T-Mobile N900T] | Note3 Spare Battery [24 Month Warranty]",,$19.95,,https://images-na.ssl-images-amazon.com/images/I/81ojT04TwoL._SL1460_.jpg
B07KFDNW91,"SHENMZ LG G3 Battery Upgraded,[3200mAh] Replacement Li-Ion Battery for LG G3 BL-53YH D852, D855, D850 at&T, D851 T-Mobile, VS985 Verizon, LS990 Sprint | LG G3 Spare Battery (24 Month Warranty)",Bring your battery life back to glory and save the money of an upgrade; get from 0% to 100% power in a matter of seconds by simply swapping batteries,$13.80,,https://images-na.ssl-images-amazon.com/images/I/61p5TH6q5vL._SL1001_.jpg
B07L5FQS36,HDCKU Battery Replacement Kit for Samsung Galaxy S7 SM-G930 (EB-BG930ABE) with Full Repair Tools and Instructions(12 Month Warranty),,$15.50,,https://images-na.ssl-images-amazon.com/images/I/71lnHZOv34L._SL1500_.jpg
B01N48V9AH,Samsung Galaxy Note 4 Standard Battery (3220mAh) - Bulk Packaging,The Samsung Spare Battery for the Galaxy Note 4 lets you keep a replacement battery ready at hand.,$10.28,,https://images-na.ssl-images-amazon.com/images/I/71zkViGYIXL._SL1500_.jpg
B01LBI132I,"Uni-Yeap [Upgraded] 11000mAh External Battery Charger Power Bank with Safety Charging Conversion System and Ultra Slim with Screen for iPhoneX 8 7 6s 6, iPad, Samsung Galaxy and All Smart Phone(Gold)",,$17.99,,https://images-na.ssl-images-amazon.com/images/I/81D302lf4yL._SL1500_.jpg
B07KW5B57W,"Battery Case for iPhone 7/8, 3000mAh Portable Charging Case Protective Rechargeable Charger Case Extended Battery Compatible with iPhone 7 8 (4.7 inch) - Black",Extended Battery Case is designed for charging and protecting your iPhone 7/8 (4.7 inch).,$36.98,,https://images-na.ssl-images-amazon.com/images/I/61XDfgqNtFL._SL1500_.jpg
B076FTFQT1,"Original OEM Authentic Battery For LG 2017 K20 Plus K20, K20 V, Harmony, LV532GB BL-46G1F 2800mah",,$10.50,,https://images-na.ssl-images-amazon.com/images/I/81VS9Q0WTAL._SL1500_.jpg
B00LX02I92,Samsung Samsung Galaxy S4 Active/S 4 M919 T-Mobile NEW OEM B600bu Battery - Non-Retail Packaging - Black/Silver (Discontinued by Manufacturer),Brand New OEM Samsung B600BU original battery for Samsung Galaxy S4 2600 mAh 3.8 volt 2600mAh Part Numbers: B600BU/B600BZ/B600BC/B600BE Compatible with GALAXY S4 Product: New in Bulk Packaging,$9.20,,https://images-na.ssl-images-amazon.com/images/I/81SG91ljitL._SL1500_.jpg
B00DTRHDTM,LG EAC61638202 Battery for Cosmos 2/Cosmos 3 - Original OEM - Non-Retail Packaging - Black,"Power up your LG Cosmos 2 VN251 with this LG BL-46CN Battery EAC61638202. This original battery from LG features 900mAh of power so you can enjoy longer talk and standby times with your phone. This slim yet long lasting battery keeps your LG Cosmos 2 powered up and working at an optimum performance. Great replacement or back-up battery to have in case you lost or damaged your battery. OEM Part Numbers: BL-46CN / BL46CN / EAC61638202Compatible with the LG Cosmos 2 VN251 and Cosmos 3 VN251S phone models. Cables & Etc, LLC is the owner of the trademark C&E. This UPC is trademarked under C&E. Any violation will be reported to Amazon without any prior warning.",$8.16,,
B07GXHTDJL,"Battery Case for iPhone 6s/6,6000mAh Portable Charging Case Rechargeable External Battery Pack for Apple iPhone 6/6s Protective Charger Case Backup Power Bank (4.7 Inch) (Black)",,$29.95,,https://images-na.ssl-images-amazon.com/images/I/51S4haG21TL._SL1001_.jpg
B01N5D9FKB,Original LG BL-44E1F Battery for LG V20 3080mAh BL44E1F EAC63320507 in bulk-packaging,LG V20 BATTERY BL-44E1F GENUINE BATTERY,$8.95,,
B07JGY6PJC,"Ztesy Battery Case for iPhone Xs Max, 6000mAh Capacity Portable Charging Case Rechargeable Extended Battery Pack Protective Backup Charger Case Cover for iPhone Xs Max 6.5 Inch",,$25.99,,https://images-na.ssl-images-amazon.com/images/I/51xGCSkjkZL._SL1001_.jpg
B07H93W9KF,"Battery Case for iPhone 7 Plus 8 Plus, Xooparc 7000mAh Protective Portable Charging Case Rechargeable Extended Battery Pack for Apple iPhone 7 Plus & 8 Plus (5.5') Backup Power Bank Cover (Black)",,$25.95,,https://images-na.ssl-images-amazon.com/images/I/61f-adLaE8L._SL1500_.jpg
B07BC6ZT5G,"2200mAh High Capacity Battery for iPhone 6S with Complete Replacement Tool Kit, Two Sets of Adhesive Tape and Instructions Included by LOCTUS 24 Months Warranty",,$21.99,,https://images-na.ssl-images-amazon.com/images/I/71tJzVqpV4L._SL1500_.jpg
B01NAAF5WN,mophie juice pack wireless - Charge Force Wireless Power - Wireless Charging Protective Battery Pack Case for iPhone 7 – Black,,$70.23,$99.95,https://images-na.ssl-images-amazon.com/images/I/71igL6R22JL._SL1500_.jpg
B07JFRG1X7,"oGoDeal 5S 5C Battery, Battery Replacement Compatible with iPhone 5s &5C A1457,A1453, A1530, A1533, A1532 A1507, A1456 Battery Replacement Kit","Do you have those problem?Standby time is very Short,battery draining fast, charging several times a day? If so, please replace your battery as soon as possible. Choose oGoDeal New For iPhone 5s/5c Battery. You don't have to pay for high repair prices for repair stores,you don't have to buy new phone,then it will get your Phone back to new life. Product Description:",$14.88,,https://images-na.ssl-images-amazon.com/images/I/71RJnDU4hlL._SL1500_.jpg
B079NPN7JB,Brand New LG G5 Replacement Battery BL-42D1F with Bulk packaging,Brand New LG G5 Replacement Battery BL-42D1F with Bulk packaging,$9.48,,
B07H3MMR74,"Battery Case for iPhone X/Xs/10 6500mAh, iPosible Portable Charging Case Rechargeable Extended Battery Pack for iPhone X/Xs(5.8 inch) Protective Backup Cover Charger Case Power Bank (Black)",,$27.95,,https://images-na.ssl-images-amazon.com/images/I/71G%2BQzdGT4L._SL1500_.jpg
B07B8J6N2L,Heloideo 10000mAh Portable Charger Compact Power Bank External Battery Pack with Built-in AC Wall Plug and Micro Type-c Cables,,$38.99,,https://images-na.ssl-images-amazon.com/images/I/51rNao%2BoV5L._SL1000_.jpg
B075LM63XG,"iPhone 8/7 Battery Case Qi Wireless Charging Compatible, Alpatronix BX190 4.7-inch 3200mAh Slim Rechargeable Extended Protective Portable Charger for iPhone 8 & iPhone 7 Juice Bank Power Pack - Black",,$44.95,,https://images-na.ssl-images-amazon.com/images/I/71hbgon1SfL._SL1500_.jpg
B072BD98CM,ZMI USB PD Backup Battery & Hub for MacBook 2015/MacBook Pro 2016 or later/Pixelbook/Nintendo Switch/Pixel/iPhone 8 Fast Charge External Battery Pack Portable Charger Powerbank for iPhone/iPad/Samsung,,$69.95,,https://images-na.ssl-images-amazon.com/images/I/61hiLUW4%2BuL._SL1500_.jpg
B07GDQ8NW1,"iPhone 7/8 Battery Case, XchuangX 3000mAh Rechargeable Protective Charging Case Slim for Apple iPhone 7/8 (4.7 inch), Support All Types Headphones, Answer Call and Sync-Through-Black",,$27.00,,https://images-na.ssl-images-amazon.com/images/I/81aLNFRVbKL._SL1500_.jpg
B00N261MCO,"15 Maxell SR626SW 377 Silver Oxide Watch Batteries, New hologram packaging that guarantees authenticity","Super fresh genuine Maxell 1.55v Watch batteries. Works for: Watches, computer motherboards, calculators, PDAs, electronic organizers, garage door openers, toys, games, door chimes, pet collars, LED lights, sporting goods, pedometers, calorie counters, stopwatches and medical devices and all other devices that requires this battery size. Equivalent to: SR626SW, SR66, SR626, SB-AW, 280-39, BA, V377, D377, 606, S626E, GP377, AG4, AG-4, 377, L626, SG4, LR626, LR66, SR628SW, E377, E377CA, LR626SW, 377A, SR262SW, 377X, 377S, GP177, SR6265W, 377/376, E377A, SR66SW, SR625SW, 377BA, CR626SW,",$6.99,,https://images-na.ssl-images-amazon.com/images/I/91DbRw9MMIL._SL1500_.jpg
B07H9S455J,"iPhone 5/5S/SE Battery Case, Wavypo 4000mAh Ultra Slim Extended Rechargeable Charger Case External Battery Pack Portable Power Bank Protective Charging Case for iPhone 5, 5S, SE (Black)",,$17.60,,https://images-na.ssl-images-amazon.com/images/I/51oTOPoQVpL._SL1001_.jpg
B00TYGGM44,Samsung Galaxy Note 4 Bettery EB-BN910BBE / EB-BN910BBU,Samsung Galaxy Note 4 Bettery EB-BN910BBE / EB-BN910BBU,$9.95,,https://images-na.ssl-images-amazon.com/images/I/710Shlf%2BHHL._SL1456_.jpg
B008PTP0SK,Milwaukee 49-24-2371 M18 Power Source,"The M18 Power Source, compatible with both M18 Compact and XC Battery Packs, features a powered USB port to charge cell phones, mp3 players, digital cameras, and other portable electronic devices. This adapter is also compatible with M12 Heated Jackets, providing up to 18 hours of continuous heat on a single charge with an XC Battery Pack.",,,
B07JNFSFPM,"Battery Case for iPhone 6s Plus/6 Plus, 6800mAh Conqto Portable Protective Power Charging Case Compatible with iPhone 6 Plus/6s Plus (5.5 inch) Rechargeable Extended Battery Charger Case-Rose Gold",,$26.85,,https://images-na.ssl-images-amazon.com/images/I/51SPCUzw5xL._SL1001_.jpg
B07H8756L6,HOMSUM Battery Replacement for iPhone 5S or 5C with Repair Tool Kits & Instructions - Full 1560mAh New 0 Cycle [365 Days Warranty],"Welcome to HOMSUM,Our mission:To be more safer,Stay longer",$20.99,,https://images-na.ssl-images-amazon.com/images/I/61S9wHYj91L._SL1000_.jpg
B01ISO92V2,"Anker PowerCore 10400 Portable Charger with PowerIQ for iPhone, iPad, Samsung Galaxy and More (Black)",10400,$31.99,,
B0723CJX4C,"Luxtude 5000mAh Ultra-Slim Gift Portable Charger, MFi Lightning Cable Power Bank, Stylish High-Speed Charging External Battery Only Compatible iPhone XS/XR/X/8/8 Plus/7/7 Plus/6/6S/5/SE/5S (Rose Gold)",,$28.99,,https://images-na.ssl-images-amazon.com/images/I/51XRuH0wu8L._SL1000_.jpg
B075LW155D,"iPhone X/XS Battery Case Qi Wireless Charging Compatible, Alpatronix BXX 5.8-inch 4200mAh Slim Rechargeable Extended Protective Portable Charger Case for iPhone X & XS Juice Bank Power Pack – Black",,$39.95,,https://images-na.ssl-images-amazon.com/images/I/71MOGfnGm%2BL._SL1500_.jpg
B01KL0A3KA,"iPhone 8/7 Battery Case, Trianium Atomic Pro 3200mAh Extended iPhone 7 8 Battery Portable Charger for iPhone 7, iPhone 8 (4.7”) [Black] Power Charging Case Pack Juice Bank [Apple Certified Part]",,$35.99,,https://images-na.ssl-images-amazon.com/images/I/61rS2%2BlOpjL._SL1000_.jpg
B01KC74M7C,Hermitshell Hard EVA Travel Case Fits Anker PowerCore 13000 Portable Charger - Compact 13000mAh 2-Port Ultra Portable Phone Charger Power Bank (Black,Hermitshell Hard EVA Travel Case Fits Anker PowerCore 13000 Portable Charger - Compact 13000mAh 2-Port Ultra Portable Phone Charger Power Bank (Black）,$9.99,,https://images-na.ssl-images-amazon.com/images/I/61saWWOJcWL._SL1000_.jpg
B01HRAG2KM,"AUKEY Power Bank 26500mAh, Quick Charge 3.0 Portable Charger, Dual Input Battery Pack Compatible Nintendo Switch, iPhone XS / XS Max / 8 / Plus and More",,$62.99,,https://images-na.ssl-images-amazon.com/images/I/61%2Bd-3xd8mL._SL1500_.jpg
B01191S0VY,"iMuto 20000mAh Portable Charger Compact Power Bank External Battery Pack with LED Digital Display and Smart Charge for iPhone X 10 8 7 6S Plus, Samsung Galaxy S8, S7, Note8, Tablets and More (Black)",,$29.99,,https://images-na.ssl-images-amazon.com/images/I/51gfLjUkTxL._SL1001_.jpg
B07GNFBJYT,"TOVAOON Wireless Portable Charger,10000mAh Wireless Charger Power Bank External Battery Pack Compatible with iPhone 8/8 Plus,Samsung S7 S8 S9,Note 7 8,iPhone X/XS/XR(Black)",,$25.99,,https://images-na.ssl-images-amazon.com/images/I/61IH59X%2BdoL._SL1000_.jpg
B07HMRDKYK,"Battery Case for iPhone 8/7, Feob HI8P67B2 Upgraded 6000mAh Rechargeable Portable Charger Case Extended Battery Pack for Apple iPhone 8 & iPhone 7 Protective Charging Case (4.7 inch)- Black",Feob 6000mAh Rechargeable Battery Case Extended Battery Pack for iPhone 8 & iPhone 7(4.7 inch) – Black,$29.90,,https://images-na.ssl-images-amazon.com/images/I/61EHEcFXSxL._SL1500_.jpg
B076ZZ836F,Portable Charger 10000mAh Power Bank External Battery Backup Pack BENANNA Slim Compatible iPhone X XS XR Max 8 7 6 5 Plus iPad Android Cell Phone Galaxy Note LG Gopro - Rose Gold,,$23.99,$26.99,https://images-na.ssl-images-amazon.com/images/I/51bRTif5mSL._SL1001_.jpg
B07JNNLK2G,2 Ports PowerBanks 10000 mAh for iOS Android Cellphone Quick 2A with Flashlight (Black | Sale),"Long life\'s deadly capacity battery, intelligent protection circuit, the use of advanced intelligent protection chip, the overcharge protection, discharge protection, overload protection, short circuit protection. After 72 hours aging test, the product performance is stable USB port power supply output, plug in cable can be realized portable, ready to charge, provide mobile phone power demand at any time Emergency charging is suitable for most digital products on the market, such as: smart phones, PSP, MP3/4,\'t a MP5, GPS, bluetooth, digital camera, Pod tablet, etc. Case Material : Aluminum Size: 110 * 69 * 9.8 ( L * W * H unit: mm) Color: sky blue, emerald green , silver, black, Tyrant gold , red roses , red 7 colors Display: 4 cell battery indicator LED , a lamp on behalf of 25% power, charge and discharge current battery indicator light flashes Function : USB charging port output MICRO Features: 1, high quality : the use of high capacity batteries A product , superior quality ; 2, the new models : high-end appearance, fashion design ; 3. Versatile: can charge two devices at the same time to 4, large capacity: Large capacity , can meet multiple phone charging task. Battery capacity: Polymer lithium ion batteriesA + + + battery Packing: power 10000mah , Charging cable adapter -----------------------------------------------------",$13.99,,https://images-na.ssl-images-amazon.com/images/I/61GnQ5ExArL._SL1500_.jpg
B00D1HLUP8,Samsung Original Genuine OEM Spare 2600 mAh Replacement Battery for Samsung Galaxy S4 - Non-Retail Packaging - Silver (Discontinued by Manufacturer),For Samsung Galaxy S4 - Non-Retail Packaging - Silver,$8.99,,
B01MR46P3G,"Jackery Bolt 10050mAh Power Bank, Portable Charger with Built-in [MFi Certified] Lightning Cable External Battery Pack for iPhone Xs/Xs max, iPhone 8/7/6 etc, Twice as Fast as Original iPhone Charger",,$39.99,,https://images-na.ssl-images-amazon.com/images/I/61TXH5NvqiL._SL1338_.jpg
B00K8DUKH2,"FosPower PowerActive 10200 mAh Power Bank - 2.1A USB Output [Water/Shock/Dust Proof] Rugged Heavy Duty Portable Battery Charger for iPhone/iPad, Android Smartphones, Tablets & MP3","FosPower PowerActive portable external battery charger is designed to withstand drops, dirt, snow and even water. The battery pack is made from durable polycarbonate (PC) and ABS material.",$27.99,,https://images-na.ssl-images-amazon.com/images/I/718QgQu6O6L._SL1500_.jpg
B06WW8YMMJ,"PowerBear LG V20 Battery [3200 mAh] Li-Ion Battery for The V20 [US996, AT&T H910, T-Mobile H918, Verizon VS995, Sprint LS997] LGV20 Spare Battery [24 Month Warranty]",,$19.95,,https://images-na.ssl-images-amazon.com/images/I/71kZe09QpNL._SL1500_.jpg
,Novatel Jetpack Verizon MiFi 7730L Battery Mobile Hotspot P/N: 40123117,Original OEM Standard battery for Novatel 7730,$20.85,,https://images-na.ssl-images-amazon.com/images/I/61GhANn05lL._SL1079_.jpg
B07DC2GMZG,2050mAh Replacement Battery Compatible with iPhone 6 - DAXTROMN High Capacity Li-ion Battery 0 Cycle - with Complete Repair Tool Kits and Adhesive Strips - 24-Month Warranty,,$24.99,,https://images-na.ssl-images-amazon.com/images/I/61Xs5SgapCL._SL1200_.jpg
B07KYGR6HV,"Solar Charger Power Bank 25000mAh Portable Charger Battery Pack with Three Outputs&Dual Inputs Huge Capacity Backup Battery Compatible Smartphone,Tablet and More",,$29.99,,https://images-na.ssl-images-amazon.com/images/I/61zIHCsTK3L._SL1000_.jpg
B071DTJ4GL,Yoobao Portable Charger 10000mAh Slim Power Bank Powerbank External Cell Phone Battery Backup Charger Battery Pack with Dual Input Compatible iPhone X 8 7 Plus Android Samsung Galaxy More - Rose Gold,,$26.99,,https://images-na.ssl-images-amazon.com/images/I/41sQu9ThpQL._SL1001_.jpg
B00LK503GK,"Panasonic CR1616 3V Coin Cell Lithium Battery, Retail Pack of 4",,$5.65,,
B00DP0RO5G,Samsung AB553446GZ/AB553446GZB/AB553446GZBSTD Lithium Ion Battery Original OEM - Non-Retail Packaging - Blue,"Samsung uses the latest Lithium Ion battery technology giving you the best performance possible. Samsung batteries are designed to deliver 1000mAh the most reliable and long lasting power. Part Numbers: AB553446GZ/AB553446GZB/AB553446GZBSTD The Samsung 1000mAh Standard Lithium Ion Battery, manufactured by Samsung is compatible with the Samsung A870, Samsung A930, Samsung A990, Samsung Knack U310, Samsung Haven U320, Samsung U340, Samsung Smooth U350, Samsung Gusto U360, Samsung Gusto 2 U365, Samsung U410, Samsung U430 and Samsung U620 phone models. Cables & Etc, LLC is the owner of the trademark C&E. This UPC is trademarked under C&E. Any violation will be reported to Amazon without any prior warning.",$11.99,,
B0742MJXFM,"Acevan Galaxy S4 Battery 2900mAh Li-ion Battery Replacement for Samsung Galaxy S4, AT&T I337, Verizon I545, Sprint L720, T- Mobile M919, R970, I9500, I9505, Galaxy S4 LTE I9506 [3 Year Warranty]","Acevan replacement batteries are made of best quality grade A+ cell on battery market, build-in special microchip to prevent against short-circuiting, over-charging, over-discharging and over-heating, greatly extended the cell phone li-ion battery life.",$12.99,,https://images-na.ssl-images-amazon.com/images/I/51OHDasNI8L._SL1000_.jpg
B07DDDNXX1,"Power bank,Go4Pwr 10000mAh Power Bank Portable Charger Powerbank 2-Port External Battery Charger Compatible With Smartphone and More (Black)",,$11.99,,https://images-na.ssl-images-amazon.com/images/I/51AF5KRc3QL._SL1000_.jpg
B07DVMJXRM,Pxwaxpy Battery Case for iPhone 6S 6 6000mAh Rechargeable Charging Case for iPhone 6 External Charger Cover iPhone 6S Battery Pack Apple Power Bank [4.7 inch]- Black,"6000mAh iPhone 6s / 6 Battery Case, Rechargeable Charging Case for Apple iPhone 6s / 6 [4.7inch] （★NOT works on iPhone 6 plus/ iPhone 6s plus ★）- Black",$29.95,,https://images-na.ssl-images-amazon.com/images/I/61yVzjJ6EgL._SL1500_.jpg
B06XQ8J81R,"Portable Charger RAVPower 6700 Battery Pack 6700mAh Power Bank (2.4A Output & 2A Input, iSmart 2.0 Technology) External Power Pack with iSmart Technology for Smartphones and More (Black)",,$16.99,,https://images-na.ssl-images-amazon.com/images/I/51-B6Rd-nUL._SL1000_.jpg
B07F86LW2W,Galaxy S5 Battery RAVPower 2800mAh Replacement Battery for Samsung Galaxy S5 SM-G900F SM-G900H SM-G900A(AT&T) SM-G900TR SM-G900P(Sprint) SM-G900T(T-Mobile) SM-G900R(U.S. Cellular) Without NFC,,$13.99,,https://images-na.ssl-images-amazon.com/images/I/51bFUd5RIyL._SL1000_.jpg
B07F389924,"Super Slim Portable Charger, HAME P60 Ultra-Slim 8000mah External Battery Credit Card Mini Pocket Power Bank with 5V2.1A Universal USB Outlet Compatible iPhone, Samsung, LG, Google Pixel, Android",,$19.99,,
B07GKLB3HQ,"Battery Case for iPhone 6S 6,Upgraded HETP 6000mAh Rechargeable Charging Case for iPhone 6 External Battery Pack for iPhone 6S Charger Cover Apple Portable Power Bank [4.7 inch]- Black",,$29.95,,https://images-na.ssl-images-amazon.com/images/I/61f2JAjcq5L._SL1500_.jpg
B0179KZ4YA,"[Upgraded] POWERADD 2nd Gen Pilot 2GS 10000mAh Portable Charger External Battery Pack with Smart Charge for iPhone, iPad, Samsung Galaxy, Smartphones and Tablets - Rose Gold",,$17.99,,https://images-na.ssl-images-amazon.com/images/I/61EM9SyKMxL._SL1200_.jpg
B07J6TV24G,"Galaxy Note 4 Battery, SNSOU 3600mAh Li-ion Replacement Battery for Samsung Galaxy Note 4 (N910, N910U LTE, N910A, N910V, N910T, N910P, N910R) Samsung Note 4 Battery [18 Month Warranty]",Upgrade your phone via replacement battery.,$17.90,,https://images-na.ssl-images-amazon.com/images/I/61uncc6gc5L._SL1050_.jpg
B071VJVB1W,mophie Juice Pack Flex Battery case - Apple iPhone 8 or iPhone 7 - Maximum Protection - ISO-Flex - Wireless Charging - Slim - Up to 100% Extra Battery- Black,,$59.95,,https://images-na.ssl-images-amazon.com/images/I/71AxXZnIpHL._SL1500_.jpg
B07H5DN2VW,"TRONOE Solar Charger,12000mAh Portable Charging Case External Backup Battery Pack Dual USB Solar Phone Charger with 2LED Light Carabiner for Your Smartphones and More (Orange)",It has dual USB ports so you can charge two devices simultaneously.,$20.99,,https://images-na.ssl-images-amazon.com/images/I/81cswCS0TxL._SL1500_.jpg
B073WH8S4C,"Samsung Power & Play Bundle - Active In-Ear Wired + 2100 mAh Battery Pack, Retail Packing - Black","The Samsung Bundle includes the Samsung Active In-Ear Headphones and Samsung 2100mAh Battery Pack. The Samsung Active In-Ear Headphones are designed for the active listener and deliver comfort, stability and high-quality audio into a stylish and compact package. The 2100 mAh Battery Back allows you to charge on the go. With a universal USB port output, you can charge smartphones or other electric capable of charging via USB.",$16.89,$20.86,
B07HXTFRD4,"DAXTROMN Replacement Battery Compatible with iPhone 6S - Replacement Kit with Tools, Adhesive Strips - New 1715mAh 0 Cycle Battery - 2 Years Warranty",,$22.99,,https://images-na.ssl-images-amazon.com/images/I/61p2Ee%2BmmXL._SL1200_.jpg
B01B71ED4Y,Samsung Battery For - Galaxy Core Prime Battery EB-BG360CBU - 2000mAh,"New Original Samsung Battery For - Galaxy Core Prime SM-360P - Battery.Part#EB-BG360CBU - Power 2000mAh (Made in Korea) 3.85V Li-ion 7.70Wh,Charge Voltage 4.4/2000mAh, 1ICP6/51/54...Compatible : Samsung G3609 3606 G3608 EB-BG360CBC Galaxy Core Prime SM-360P",,,https://images-na.ssl-images-amazon.com/images/I/81Jn4LVn1xL._SL1500_.jpg
B07JYV6CT3,Battery Case for iPhone 6s Plus/ 6 Plus Upgraded 8500mAh Portable Rechargeable Charger Case for iPhone 6 Plus Extended Battery Pack for iPhone 6s Plus Protective Charging Case [ 5.5 inch ]-Black,,$28.95,,https://images-na.ssl-images-amazon.com/images/I/61v32aBHHQL._SL1500_.jpg
B07K7HV5JH,"LG G5 Battery [Upgraded] 3200mAh SHENMZ Li-ion Battery Replacement for LG G5 BL-42D1F VS987 Verizon,H820 at&T, LS992 Sprint,H830 T-Mobile, US992,H845 Dual H850 H858 Spare Battery(24 Month Warranty)",100% New High Quality 3200mAh Spare Replacement Li-ion Battery for LG G5 Phone,$13.80,,https://images-na.ssl-images-amazon.com/images/I/61CVR2diMRL._SL1001_.jpg
B07K42BR9Z,"Wireless Portable Charger, SANAG 10000mAh 10W Fast Qi Wireless Power Bank with 18W Power Delivery, Type-C, QC 2.0 Ports and LED Displaly External Battery Pack for iPhone, iPad, Samsung and More",,$28.99,,
B07F1VKNFZ,"FLOUREON 10,000mAh Solar Power Bank Portable Solar Phone Charger with LED Flashlight Dual 2.1A USB Max Waterproof Portable Cell Phone Power Bank for iPhone Android iPod ipad (Green)",,$14.99,,
B01N0I1W2T,"Anker PowerCore Portable Charger 15600mAh with 4.8A Output, PowerIQ and VoltageBoost Technology, Power Bank for iPhone iPad & Samsung",15600,$39.99,,https://images-na.ssl-images-amazon.com/images/I/51G9yZHMuXL._SL1200_.jpg
B075WVYBJP,"Portable Charger, BONAI 5000mAh Power Bank, (Ultra-Compact)(Aluminum)(Travel) External Backup Battery Pack High-Speed Output Compatible with iPhone,iPad,iPod,Samsung-Rose Gold(Charging Cable Included)",,$17.99,,https://images-na.ssl-images-amazon.com/images/I/61teInuT7RL._SL1200_.jpg
B07KXHZ6M7,"Battery Case for iPhone 8/7, Gixvdcu [6000mAh] Rechargeable Portable Protective Charging Case for Apple iPhone 8 & iPhone 7 Extended Backup Charger Ultra Slim - Black",,$29.70,,https://images-na.ssl-images-amazon.com/images/I/61ndBgOA-KL._SL1500_.jpg
B00FDK2G2C,"EC Technology Portable Charger Power Bank 22400mAh Ultra High Capacity External Battery pack 3 USB Output Port phone charger for iPhone, iPad, Samsung, Nexus & More, Black& Red",,$32.99,,https://images-na.ssl-images-amazon.com/images/I/51p31d5Bi0L._SL1200_.jpg
B00JM59JPG,KMASHI 10000mAh Portable Power Bank with Dual USB Ports 3.1A Output and 2A Input - Black,,$15.99,,https://images-na.ssl-images-amazon.com/images/I/61a%2B2tb6CXL._SL1000_.jpg
B075ZR745R,"Portable Charger RAVPower 10000mAh Power Bank, Ultra-Compact Battery Pack with 3.4A Output, High Speed Charging, Dual iSmart 2.0 USB Ports, Portable Battery Charger for iPhone, iPad and More [Updated]","Small Body, Big Power",$25.99,,https://images-na.ssl-images-amazon.com/images/I/51o6bMJEhmL._SL1000_.jpg
B07527F4LY,"iWALK Portable Charger with Built in Plug, 3300mAh Ultra-Compact Power Bank External Battery Pack Charger Compatible with iPhone 5 6 7 8 Plus X SE XS, iPad, Black",,$19.99,$29.99,https://images-na.ssl-images-amazon.com/images/I/81KCdvBwMkL._SL1500_.jpg
B00ZZYBAI2,Portable Chargers RAVPower Luster Mini 3350mAh External Battery Pack Battery Bank External Phone Charger Power Pack Most Compact Power Bank with iSmart Technology for Smartphones and More (Black),"For those looking to make a fashion statement, the RAVPower Luster Mini 3350mAh Portable charger External Battery Charger comes in 4 bold colors: Gold, Black, Blue and Pink. Whether you are after a classy look or something trendy and fun, the Luster comes in a color for you.",$11.99,,https://images-na.ssl-images-amazon.com/images/I/51kWthcKtbL._SL1000_.jpg
B07J1RM775,BAVST Mobile Game Controller for PUBG 4-in-1 Upgrade Version Gamepad Shoot and Aim Trigger Phone Cooling Pad Portable Charger for Android & IOS Fortnite / Knives Out,,,,https://images-na.ssl-images-amazon.com/images/I/51AevG7q5jL._AC_SL1000_.jpg
B07KYGJB5K,"Wireless Portable Charger 25000mAh Power Bank Battery Pack with Three Outputs&Dual Inputs Huge Capacity Backup Battery Compatible Smartphone,Tablet and More",,$36.99,,https://images-na.ssl-images-amazon.com/images/I/51Fh2hRTzwL._SL1000_.jpg
B07FPHQM7J,"iPhone Xs Max Case, i-Blason [Ares] Full-Body Rugged Clear Bumper Case with Built-in Screen Protector for iPhone Xs Max 6.5 Inch (2018 Release) (Pink)","The Ares for the Apple iPhone XS Max embodies the best of both worlds when it comes to a stylish clear case with full body protection. Equipped with a Built-in screen Protector, responsive buttons and Multiple layers of TPU in the bumper, you can be sure that your iPhone will survive the occasional drop without sustaining any serious damage. The clear backing of the case provides invisible scratch-resistance, keeping your iPhone blemish-free for the duration of your Ares usage!",$21.99,,https://images-na.ssl-images-amazon.com/images/I/61oBDGhMlQL._SL1330_.jpg
B07DDG8445,"Aibocn 20000mAh Portable Charger External Battery Power Bank with Flashlight for Apple Phone iPad Samsung Galaxy Smartphones Tablet and More, Black",,$12.99,,https://images-na.ssl-images-amazon.com/images/I/515hxe9CjmL._SL1280_.jpg
B0741GB18B,Iphone 6 A1549 A1586 A1589 Battery OEM Quality Lithium 1810 mAh with Repair Tool Kit - 1 YEAR WARRANTY,"Please email us before opening A to Z claim or leaving negative or neutral feedback, so we can make it right with you",$11.49,,
,"Wireless Portable Charger,10000mAh Fast Charging Power Bank QI Battery Charger Pad External Battery Pack Compatible with iPhone 8/8 Plus,Samaung S7 S8 S9,Note 7 8,iPhone X","Using high quality original GPC polymer lithium battery, to keep you and your devices safe.",$25.99,,
B00DS600IU,LG LGIP-531A/SBPL0090503 Original Battery KU250 Saber UN200 - Non-Retail Packaging - Black,"Tired of running out of power just when you need it All you need is a spare battery from LG. With this replacement battery, be prepared to stay in touch a lot longer. Part Numbers: LGIP-531A/LGIP-531/SBPL0090503/SBPL0090501The LG LGIP-531A 950mAh Standard Battery, manufactured by LG is compatible with the LG KU250, LG KG280, LG KV380 and LG Saber UN200 phone models. Cables & Etc., LLC is the owner of the trademark C&E. This UPC is trademarked under C&E. Any violation will be reported to Amazon without any prior warning.",$9.99,,
B07482Q9XL,"LG Replacement Battery For Aristo M210, K8, M210, M153 BL-45F1F, 2410mAh (Bulk Packaging)",OEM LG Replacement Battery BL-45F1F (2410mAh) for Aristo M210 K8 M210 M153,$8.50,,
B07KWXP3QR,"Battery Case for iPhone X/Xs, [6500mAh] Xooparc Protective Portable Charging Case Rechargeable Extended Battery Pack for Apple iPhone Xs&X (5.8') Backup Power Bank Cover - Black","★Kindly Note: 1. Please turn off the battery case while not using it. 2. This charger case is not waterproof. please use only in dry environments. 3. This battery case is just fit for iPhone X/X/10, not fit for others. 4. Not compatible with iPhone lightning headphone or traditional 3.5mm headphones. ONLY works with Apple air pods or other wireless Bluetooth headphone. 5. When you connect lightning cable to the battery case with phone installed, your phone will be charged first, after phone full charged, it will charge battery case. How to use? 1.Just fully put your iPhone X/X into the wireless battery case. 2. Press the power button of the battery case, It will start charge your iPhone. 3. Pressing and holding the power button on the back of the battery case in 3 seconds again, the case will stop charging. ★Specifications: - Capacity: 6500mAh - Input: 5V/1A - Output: 5V/1A - Compatibility: iPhone X/X(5.8inch) - Charging Power Level: 1 Light = 25%, 2 Lights = 50%, 3 Lights = 75%, 4 Lights = 100% - Sync: 100% compatible with all iOS versions, Apple Pay, and future iOS software updates(Apple Car Play is not supported). - Shock-proof: 360°protection to corners and sides, protecting your iPhone from drops and impacts. ★Package Included: 1 x 6500mAh iPhone X/X Battery Case (NOT INCLUDE CABLE) 1 x User Manual THERE are so many options, WHY Choose US? All Our Products are Produced under Strict Quality Inspection. (18 MONTHS GUARANTEE) and (Professional After-SALES TEAM)",$29.95,,https://images-na.ssl-images-amazon.com/images/I/61c6FUUAPtL._SL1500_.jpg
B07CSS8N8Q,"LIKEGOR New Battery Compatible with iPhone 6,2200mAh li-ion Replacement Battery with Complete Repair Tool Kits,Screen Protector,Adhesive Strips and Instruction-24 Month Warranty(for ip6)",,$20.99,,https://images-na.ssl-images-amazon.com/images/I/61FfUZLXUIL._SL1200_.jpg
B077CY4M8P,"USB C Power Bank RAVPower 10000mAh Portable Charger, Ultra-Slim 10000 Phone Charger with 5V/3A Type-C Port Power Pack Battery Pack for Nintendo Switch, Galaxy S8, Google Pixel 2, iPhone, iPad and More",,,,https://images-na.ssl-images-amazon.com/images/I/51m%2BYHfcBEL._SL1000_.jpg
B00F3583S8,Samsung Galaxy Note 3 Standard Battery,Samsung uses the latest Lithium Ion battery technology giving you the best performance possible. This Lithium Ion battery is designed specifically for your Samsung mobile phone to deliver the most reliable and long lasting power (3200mAh). For any further queries please contact Patricia Watkins-Brown Technical Support Number/ Customer Support Number @ (718)369-9560 ext. 107,$9.50,,https://images-na.ssl-images-amazon.com/images/I/81cueijJ6ZL._SL1500_.jpg
B019IFIJW8,"USB C Power Bank RAVPower 20100 Portable Charger with QC 3.0 Qualcomm Quick Charge 3.0, 20100mAh Input & Output Type C Battery Pack for Nintendo Switch, iPhone, 12-inch MacBook, Galaxy and More",,$53.99,,https://images-na.ssl-images-amazon.com/images/I/51hCjrjIzbL._SL1000_.jpg
B01K6TA748,"Anker PowerCore+ 26800, Premium Portable Charger, High Capacity 26800mAh External Battery with Qualcomm Quick Charge 3.0 (in- and Output), Includes PowerPort+ 1 Wall Charger",26800,$86.99,,https://images-na.ssl-images-amazon.com/images/I/51NbPfsWP6L._SL1200_.jpg
B01IWYRVPC,OEM Replacement Battery for SAMSUNG Galaxy Grand Prime EB-BG530CBU/EB-BG530BBU/EB-BG530BBE (Bulk Packaging),"Samsung EB-BG530CBU Battery 3.8V 2600mAh for Galaxy J3, Prime, On 5 - Silver",$9.20,,
B07195QFZ5,Motorola Battery Case for Moto Z - Black,MOTO BATTERY MOD (BLACK),$49.99,,https://images-na.ssl-images-amazon.com/images/I/71fXJ23JuQL._SL1500_.jpg
B073WB8FZJ,Original Samsung J7 J710 Cell Phone Battery EB-BJ710CBE (Bulk Packaging),Original OEM Samsung J7 J710 J727 Replacement Battery EB-BJ710CBEU 3.85V 3300mAh,$8.99,,https://images-na.ssl-images-amazon.com/images/I/71diODdzwwL._SL1500_.jpg
B0779D9QX7,"iPhone 6s/6 Battery Case, Stoon 5000mAh Portable Charger Case Rechargeable Extended Battery Pack Protective Backup Charging Case Cover for Apple iPhone 6s/ 6(4.7 Inch) (Black)",,$26.99,,https://images-na.ssl-images-amazon.com/images/I/51GimrbsYAL._SL1000_.jpg
B07793KSV4,"USB C Portable Charger RAVPower 26800mAh External Battery Pack with Dual Input Port and Double-Speed Recharging, Phone Charger 2 USB Ports for iPhone, iPad, Galaxy, Android and Other Smart Devices",,$59.99,,
B07KJJ3GDF,"Battery Case for iPhone XS Max, 5000mAh Portable Protective Charging Case Compatible with iPhone XS Max (6.5 inch) Rechargeable Extended Battery Charger Case",,$39.89,,https://images-na.ssl-images-amazon.com/images/I/71KMaqBW7DL._SL1500_.jpg
B079BMN2DR,"Samsung Galaxy S9+ Plus case, i-Blason [Ares] Full-body Rugged Clear Bumper Case with Built-in Screen Protector for Samsung Galaxy S9+ Plus 2018 Release (Black)","The Ares full-body clear case for the Samsung Galaxy S9+ Plus offers up 360 degree protection, premium materials, at an affordable price point. The dual-layer design features front and back scratch-resistant plates that snap together for easy and straightforward installation. The front plate includes an integrated curved screen protector that was designed not to affect touch-sensitivity, while fortified bumpers bring added protection at each corner for top-of-the-line defense against drops. This slim, stylish, and highly defensive phone case was built for anyone and everyone, and is your Samsung Galaxy S9 Plus's new best friend. PLEASE NOTE: This is a black back case with grey front cover.",$19.99,,https://images-na.ssl-images-amazon.com/images/I/71Y6i9fwB5L._SL1450_.jpg
B07KHC1BMX,"Battery Case for iPhone 6S/6 6000mAh,Yacikos Rechargeable Ultra Slim Portable Battery Pack Charging Case for iPhone 6S/6(4.7 inch) Extended Power Bank Protective Charger Case- Black",,$26.59,,https://images-na.ssl-images-amazon.com/images/I/61cjnZyZRBL._SL1500_.jpg
B00L9F95RO,"[The Smallest] Jackery Mini 3350mAh Portable Charger - External Battery Pack, Premium Aluminum Power Bank, Portable iPhone Charger for iPhone Xs max/Xs/XR/X/8/7/6/5, Samsung Galaxy S9/S8/S7/S6 (Black)","The world’s smallest portable external battery charger designed for extending the battery life of your mobile devices on the go. It features high energy density battery technology, fast charging scheme, premium compact design, and smart safety built-in protection circuits.",$15.99,,https://images-na.ssl-images-amazon.com/images/I/61IhpdpIg7L._SL1500_.jpg
B076MP5QX8,Samsung Galaxy S5 Battery EB-BG900BBE 2800mAh brand new replacement battery (Bulk Packaging) …,NEW Replacement Battery for Samsung Galaxy S5,$16.99,,
B07HQFFDWG,"DEJI Battery for iPhone 6s, 2200mAh High Capacity Replacement Battery 0 Cycle, Professional Full Set Tool Kits with Instruction and Screen Protector -[2 Year Warranty]","DEJI 2200mAh High capacity replacement battery for ip 6s, with CE, FCC and ROHS quality certificates.Built-in top level smart chip brings multiple security protections against over-charging, over-discharging, over-current and short-circuit and other issues for a safer operation for both user and device. It has a higher capacity than the original battery, making your phone with",$24.99,,https://images-na.ssl-images-amazon.com/images/I/71y1leGMhjL._SL1500_.jpg
B01IN2WTUU,Genuine OEM Samsung Spare Extra Standard 3000mAh Battery for Samsung Galaxy J7 (SM-J700) (Bulk Packaging),Samsung Battery 3.85V EB-BJ700BBC 3000mAh for Samsung Galaxy J7 - Silver Black,$8.99,,
B07GVV6H24,Power Bank 24000mAh Portable Charger High Capacity Dual USB External Battery Packs Portable Phone Charger Battery Backup Compatible Samsung Android Smart phone and Others,,$30.99,,https://images-na.ssl-images-amazon.com/images/I/61Mvx9cK5EL._SL1500_.jpg
B07M5LMP67,"SUNZOS Galaxy S5 Battery, 3200mAh Li-ion Replacement Battery for Galaxy S5 [ I9600, G900F, G900V (Verizon), G900T (T-Mobile), G900A (AT&T),G900P(Sprint)] [3 Years Warranty]","Packed with premium A+ cells, the SUNZOS 3200mAh Replacement Battery for Galaxy S5 brings your device's battery life back to glory by ensuring up to 500 charging cycles at optimal performance.",$11.99,,https://images-na.ssl-images-amazon.com/images/I/61bCgn7VHFL._SL1000_.jpg
B07JJ1FFB5,"Battery Case for iPhone 7 Plus/8 Plus/6 Plus/6s Plus,5500mAh Portable Protective Charging Case Compatible with iPhone 7 Plus/8 Plus/6 Plus/6s Plus (5.5 inch) Rechargeable Extended Battery (Black)",1,$35.89,,https://images-na.ssl-images-amazon.com/images/I/61xVWKBlbbL._SL1500_.jpg
B077MTMWQD,"Tzumi PocketJuice Endurance AC - Mini Portable Device Battery Pack Charger - 4,000 mAh High-Speed USB Port with Built in MicroUSB Cable - Compatible with iPhone & Android (Pink)",With,$10.99,$24.99,https://images-na.ssl-images-amazon.com/images/I/61byQz3GlJL._SL1500_.jpg
B01422TC14,EasyAcc 20000mAh Portable Charger Fast Recharge Power Bank with 4A 2-Port Input 4.8A Smart Output High Capacity External Battery Pack for iPhone iPad Samsung Android - Black and Orange,,$37.99,,https://images-na.ssl-images-amazon.com/images/I/51%2BWbuviDeL._SL1000_.jpg
B079RDD916,"Anker PowerCore Lite 20000mAh Portable Charger, Ultra-High Capacity 4.8A Output Power Bank, External Battery (Black)",,$53.99,,https://images-na.ssl-images-amazon.com/images/I/71UXfi1bArL._SL1500_.jpg
B07K66JGHL,"Power Bank 25000mAh Huge Capacity Solar Charger IP65 Waterproof Potable Charger 3 Output Ports Battery Pack LED Flashlight & SOS Warning Lamp for Outdoor Activities, Smartphone,Tablet and More",,$39.99,,https://images-na.ssl-images-amazon.com/images/I/71EduYbQnPL._SL1500_.jpg
B01462YMRO,"Samsung Galaxy S5 Battery EB-BG900BBU/BC/BZ , 2800mAh POWER (Bulk Packaging)","Is your battery draining over and over? Try our Li-ion batteries which provides extensive talk and standby times. Talk, listen to music, and play your games on your phone as long as you want to.",$12.42,,
B076Q9QYT5,"Note 4 Battery Acevan 3450mAh Li-ion Replacement Battery for Samsung Galaxy Note 4 N910, Verizon N910V, AT&T N910A, Sprint N910P, T-Mobile N910T, N910F, N910U LTE, Note4 Spare battery[3 Year Warranty]","Acevan replacement batteries are made of best quality grade A+ cell in battery market, build-in special microchip to prevent against short-circuiting, over-charging, over-discharging and over-heating, greatly extended the li-ion battery life.",$12.99,,https://images-na.ssl-images-amazon.com/images/I/71ftvCGSD9L._SL1001_.jpg
B06VSP8PXH,"PowerBear Samsung Galaxy S5 Battery (2,800 mAh) Upgraded Spare Battery for The Galaxy S5 [I9600, G900F, G900V (Verizon), G900T (T-Mobile), G900A (AT&T)] Replacement Battery [24 Month Warranty]",,$19.95,,https://images-na.ssl-images-amazon.com/images/I/71gJm4Iuz2L._SL1500_.jpg
B01EKXR67M,"Anker PowerCore Slim 5000 Portable Charger, Ultra Slim 5000mAh External Battery with High-Speed Charging Technology, Pocket Friendly Power Bank, Perfectly Designed for Smartphones",The Slimline Portable Charger,$29.99,,https://images-na.ssl-images-amazon.com/images/I/71fUChoY%2BUL._SL1500_.jpg
B0755D2K67,Yoobao Portable Charger Power Bank Apple & Micro Input 8000mAh Slim Powerbank External Cellphone Battery Backup Pack Compatible iPhone X 8 7 6 Plus Android Smartphone Samsung Galaxy etc- Rose Gold,,$20.99,,https://images-na.ssl-images-amazon.com/images/I/51mw01D93SL._SL1001_.jpg
B01LYVF137,"iMuto 30000mAh Portable Charger X6, 3-Port USB Output Power Bank External Battery Packs for iPhone 7, 7 Plus, 6S Plus, Samsung Galaxy S8, Note 8, iPad, Nintendo Switch, Tablets and More",,$45.99,,https://images-na.ssl-images-amazon.com/images/I/51F9HIYfz%2BL._SL1001_.jpg
B07GJT61J4,Power Bank 24000mAh Portable Charger Battery Pack 4 Output Ports Huge Capacity Backup Battery Compatible Android Phone and Other Smart Phone,,$30.19,,https://images-na.ssl-images-amazon.com/images/I/717OF2R8fdL._SL1500_.jpg
B07KS992ZB,Power Bank 24000mAh Portable Charger HuaF Battery Pack with Triple Inputs Backup Battery Compatible Smart Devices Tablet Android Phone and Other Cellphones,,$30.99,,https://images-na.ssl-images-amazon.com/images/I/71ivNeDWAoL._SL1500_.jpg
B01I4XGLUC,Samsung SM-N910 Standard Battery 3220mAh For Samsung Galaxy Note 4 - Retail Packaging,Genuine OEM Samsung Product. It comes with Samsung Retail Packaging.,$19.39,,
B00REWNF2M,[ 10 pcs ] -- Panasonic Cr2032 3v Lithium Coin Cell Battery Dl2032 Ecr2032 ( Pack of 10 ),"Panasonic Blister Package. Panasonic 3 Volt Lithium coin batteries are used in a wide variety of applications, including personal watches, clocks, electronic organizers, PDA's, portable electronics, keyless door entry remotes, cell phones, computer motherboards, heart monitors, backup power sources for IC memories, and more. Lithium 3V provide 2x the nominal voltage compared to other chemistry makeup of batteries such as Silver Oxide and Alkaline button cells.",$5.99,,https://images-na.ssl-images-amazon.com/images/I/817zkXI8ciL._SL1500_.jpg
B01NBQX0O5,"Anker PowerCore II Slim 10000 Ultra Slim Power Bank, Upgraded PowerIQ 2.0 (up to 18W Output), Fast Charge for iPhone, Samsung Galaxy and More (Black)",,$35.99,,
B00EA1P8OI,"Jackery Portable Charger Giant+ 12000mAh Dual USB Output Battery Pack Travel Backup Power Bank with Emergency LED Flashlight for iPhone, Samsung and Other Smart Devices - Black","Portable external battery with dual outputs designed for extending the battery life of your mobile devices on the go. It features high energy density battery technology, fast charging scheme, premium compact design, and smart safety built-in protection circuits.",$28.99,,https://images-na.ssl-images-amazon.com/images/I/51kuVWXYAbL._SL1500_.jpg
B0792Q2H8G,LiCB 20 Pack SR626SW 377 626 Battery 1.5V Button Cell Batteries,,$6.99,,https://images-na.ssl-images-amazon.com/images/I/71LMKuTYVsL._SL1001_.jpg
B07GJGYDJN,"Galaxy J7 2018 Case, SUPCASE Unicorn Beetle Pro Series Full-Body Rugged Holster Case with Built-in Screen Protector for Galaxy J7 (J737) 2018 Release,Not fit (J7 Pro 2017 SM-J730)(Black)",,$19.99,,https://images-na.ssl-images-amazon.com/images/I/71sctgTQUgL._SL1200_.jpg
B06XYV9C8D,Genuine Original Samsung Battery B600BC | B600BU | B600BE | B600BZ 2600mAh For Samsung Galaxy S4 ( NOT COMPATIBLE with S4 Zoom or S4 Mini ),,$12.75,,https://images-na.ssl-images-amazon.com/images/I/71Qnp01yUbL._SL1500_.jpg
B0743BHP3M,"2-in-1 Portable Charger RAVPower 6700mAh External Battery Pack with Dual USB Wall Charger Foldable Plug Universal Travel Charger Compatible with iPhone, iPad, Android, Galaxy S9",,$26.99,,https://images-na.ssl-images-amazon.com/images/I/51BEH29%2B-LL._SL1000_.jpg
,"Energizer Lithium Batteries 3.0 Volt For CR2025/DL2025/LF1/3V, Pack of 2","Energizer Lithium Batteries 3.0 Volt For CR2025/DL2025/LF1/3V, Pack of 2",$5.72,$5.72,
B01FF1XJX8,"PowerBear Note 4 Battery (3220 mAh) Li-Ion Battery Replacement for Galaxy Note 4 [N910, N910U LTE, AT&T N910A, Verizon N910V, Sprint N910P, T-Mobile N910T] Note 4 Spare Battery [24 Month Warranty]",,$12.95,,
B00DTXA578,"Jackery Portable Charger Bar 6000mAh Pocket-sized External Battery Pack Fast charger Power Bank with Emergency LED Flashlight for iPhone, Samsung and Other Devices - Black",,$19.99,,https://images-na.ssl-images-amazon.com/images/I/51rSQDPdeOL._SL1245_.jpg
B07569DSDR,"iPhone 8 Plus Case, SUPCASE Unicorn Beetle Series Premium Hybrid Protective Clear Case Apple iPhone 7 Plus 2016 / iPhone 8 Plus 2017 Release (Black)","SUPCASE Unicorn Beetle Hybrid case for Apple iPhone 8 Plus 2017 release is a stylish, form fitting protective Shield with a smooth finish. The enhanced design reveals a transparent back, shock absorbing frame, Dual accent colors and detailed trim. The perfect minimalist case.",$14.99,,
,Energizer 395 / 399 Silver Oxide 5 Batteries (SR927W / SR927SW),Energizer 395 / 399 Silver Oxide 5 Batteries (SR927W / SR927SW),$5.40,,https://images-na.ssl-images-amazon.com/images/I/51KkGkicwbL._SL1000_.jpg
B0759TDR3H,"AUKEY USB C Power Bank, 20000mAh Portable Charger USB C, Slimline Type C Battery Pack with 3 Input & 4 Output Compatible with iPhone Xs/XS Max / 8 / Plus, Nintendo Switch, Samsung Galaxy Note8, Pixel",,$39.99,,https://images-na.ssl-images-amazon.com/images/I/611WidNEKjL._SL1500_.jpg
B07G34JHSF,"Battery Case for iPhone 6 6s, 4000mAh Portable Protective Charging Case for iPhone 6 6s(4.7 inch) Extended Battery Charger Case-(Black)",,$37.95,,https://images-na.ssl-images-amazon.com/images/I/71xXAGNAGdL._SL1500_.jpg
,Energizer 371 / 370 Silver Oxide Watch Battery (5 per Pack),Energizer 371 / 370,$4.99,,
B079Z4RHZZ,"AUKEY Power Delivery Power Bank, 10000mAh PD Power Bank, 18W USB-C Portable Charger with Quick Charge 3.0 Compatible iPhone Xs/XS Max, Pixel, Samsung, Nintendo Switch etc.",,$29.99,,https://images-na.ssl-images-amazon.com/images/I/61ShN0Pw7hL._SL1500_.jpg
B01B4TEJUM,"ScandiTech Battery Model iP6 (not 6+ or 6S) - Replacement Kit with Tools, Adhesive & Instructions - New 1810 mAh 0 Cycle Battery - Repair Your Phone in 15 min - 1 Year Warr",,$24.49,,https://images-na.ssl-images-amazon.com/images/I/71DcCRsZe8L._SL1500_.jpg
B07JZ6KV3L,"KUPPET 20000mAh Power Bank (Dual USB Port, 3.1A Total) External Portable Charger Battery Pack Portable Charger with LED Flashlight for iPhone 8/7,iPhone X,iPad Pro, Galaxy S8 Note8 and More","Specification: Capacity: 20000mAh Dual Inputs: Lightning and Micro USB 5V 2A(MAX) Dual Outputs: USB DC 5V 2A(MAX) Material: PC/ABS Battery: Lithium polymer High Capacity with Thin Design 20000mAh High Capacity will provide you power for outside several days. While it is very thin Quickly Replenish It means that you do not have to spend your time to charge your device with the 2.1A output, deliver the fastest charge speed to you. 2A input design, use a 2.1A adapter for fastest charging time, twice as fast than 1A input. Superior Quality with Certificated Safety Battery:The power bank use premium Lithium polymer cells,be equiped with MANMAI intelligent charging IC to provide you with 10 multiple protections system about over-charged,over-current,short-circuit,over-heat protections etc. Shell: Class V0 refractory fire retardant material. Meet all related safety standard,including CE,ROHS,FCC certificates Safety guarantee for you and your devices Compatible Devices: iPhone,Samsung Galaxy,Huawei,LG,Sony,HTC,Blackberry,Google,iPad,iPod,tablet PCs,Digital cameras,Nintendo Switch,PSP,etc In a word:It will charge anything you would normally charge through a USB cable Package Contains: MANMAI 20000mAh Charge Power Bank Micro USB Cable User Manual",$33.95,,https://images-na.ssl-images-amazon.com/images/I/71UXRxs0g7L._SL1500_.jpg
B07BVSVCQF,Power Bank 24000mAh Portable Charger Battery Pack 4 OutPut Ports Huge Capacity Backup Battery Compatible Smart Phone Almost All Android Phone And Others,,$30.99,,https://images-na.ssl-images-amazon.com/images/I/61pUXa2p%2B7L._SL1000_.jpg
B07KYGZ6WC,"Power Bank 25000mAh Portable Charger Battery Pack with Three Outputs&Dual Inputs Huge Capacity Backup Battery Compatible Compatible Smartphone,Tablet and More",,$30.99,,https://images-na.ssl-images-amazon.com/images/I/61xheYGPUFL._SL1500_.jpg
B075Q5G3JN,"Portable Charger, Xiaomi Mi Slim Power Bank Pro 10000mAh, 18W Fast Charging Aluminum Battery Pack for iPhone X 8 7 6 Samsung Galaxy S9 S8 S7 Android",,$29.99,,https://images-na.ssl-images-amazon.com/images/I/61qpMSRPKPL._SL1000_.jpg
B009KBLSQU,"Panasonic CR1616 3V Coin Cell Lithium Battery, Retail Pack of 2","Panasonic Retail Blister Package. Panasonic 3 Volt Lithium coin batteries are used in a wide variety of applications, including personal watches, clocks, electronic organizers, PDA's, portable electronics, keyless door entry remotes, cell phones, computer motherboards, heart monitors, backup power sources for IC memories, and more. Lithium 3V provide 2x the nominal voltage compared to other chemistry makeup of batteries such as Silver Oxide and Alkaline button cells.",$4.22,,https://images-na.ssl-images-amazon.com/images/I/61HjOcxv9vL._SL1000_.jpg
